lemma,prefix,fullEntry
as,Cardoso,-<b>As</b> <b>assis</b>
ab,Cardoso,<b>A</b> <br> <small>praepositio cũ ablatiuo.</small> <br> <small>scribitur cũ accẽtu graui.</small>   <p> <b>1</b> &ensp; significa. de <br> <b>2</b> &ensp; <small>separationem & motũ à loco significat</small> <br> <b>3</b> &ensp; <small>interdũ designat post</small> <br> <b>4</b> &ensp; <small>aliquãdo denotat officium</small> </p>   <p><small>[EXEMPLOS]</small><br> <br><b>2</b><br>redeo a domo &ensp; <small>Eu torno da casa</small> <br> <br><b>3</b><br>a coena &ensp; <small>despois da cea</small> <br> secũdus a Rege &ensp; <small>o mayor logo despois del Rey</small> <br> <br><b>4</b><br>a sacris concionibus &ensp; <small>Hum pregador</small> <br> a secretis Regis &ensp; <small>o secretayro del Rey</small> </p>
ab,Cardoso,<b>Ab</b>   <p> <b>1</b> &ensp; <small>idẽ valent & significãt quod praepositio à</small> &ensp; s. de </p>   <p><small>[EXEMPLOS]</small><br> <br><b>1</b><br>ab ineunte aetate &ensp; <small>des na mocidade. ou desde menino</small> <br> hoc abs te peto &ensp; <small>Isto vos peço</small> <br> nã peçaes cousa deshonesta <br> ne quid ores ab re &ensp; <small><small>idest. nihil absurdum</small></small> <br> uenio ab urbe &ensp; <small>Venho da cidade</small> </p>
abactus,Cardoso,<b>Abactus</b> <b>us</b> <br> <small>verbale.</small>
ab,Cardoso,<b>abs</b>   <p> <b>1</b> &ensp; <small>idẽ valent & significãt quod praepositio à</small> &ensp; s. de </p>   <p><small>[EXEMPLOS]</small><br> <br><b>1</b><br>ab ineunte aetate &ensp; <small>des na mocidade. ou desde menino</small> <br> hoc abs te peto &ensp; <small>Isto vos peço</small> <br> nã peçaes cousa deshonesta <br> ne quid ores ab re &ensp; <small><small>idest. nihil absurdum</small></small> <br> uenio ab urbe &ensp; <small>Venho da cidade</small> </p>
ab,Cardoso,<b>Abs</b> <br> <small>praepositio.</small>   <p> <b>1</b> &ensp; <small>significat.</small> &ensp; de </p>   <p><small>[EXEMPLOS]</small><br> <br><b>1</b><br>abs quiuis <br> abs te </p>
abscedo,Cardoso,<b>Abscedo</b> <b>is</b>
abscessus,Cardoso,<b>Abscessus</b> <b>us</b>
abstineo,Cardoso,<b>Abstineo</b> -<b>es</b>
atque,Cardoso,<b>Ac</b> <br> <small>cõiunctio copulatiua.</small>   <p> <b>1</b> &ensp; <small>pro et</small> </p>
Academia,Cardoso,<b>Academia</b> -<b>ae</b>
acceptilatio,Cardoso,<b>Acceptilatio</b> <b>onis</b>
accipio,Cardoso,<b>Accipio</b>   <p> <b>1</b> &ensp; <small>pro intelligo</small> </p>   <p><small>[EXEMPLOS]</small><br> <br><b>1</b><br>nõ recte accipis &ensp; <small><small>Terent</small></small> &ensp; <small>Não entendeis bem</small> </p>
accipio,Cardoso,<b>Accipio</b> <b>is</b> -<b>epi</b> -<b>eptum</b>   <p> <b>1</b> &ensp; receber. ouuir. tratar </p>
achelus,Cardoso,<b>achelus</b>
acucula,Cardoso,<b>Acicula</b> -<b>ae</b>
actus,Cardoso,<b>Actus</b> <b>us</b>
ad,Cardoso,<b>Ad</b> <br> <small>praepositio.</small>   <p> <b>1</b> &ensp; acerca. ou para </p>
adeo2,Cardoso,<b>Adeo</b> <b>is</b>
admitto,Cardoso,<b>Admitto</b> <b>is</b>
aedilicius,Cardoso,<b>Aedilitius</b> -<b>a</b> <b>um</b>
aedes,Cardoso,<b>Aedis</b> <b>is</b>
affectus,Cardoso,<b>Affectus</b> <b>us</b>
affinis,Cardoso,<b>Affinis</b> -<b>e</b>
agite,Cardoso,<b>agedum</b> <br> <small>aduerb.</small>
ago,Cardoso,<b>Ago</b> <b>is</b>
ago,Cardoso,<b>Ago</b> <b>is</b>
ago,Cardoso,<b>Ago</b> <b>is</b>   <p> <b>1</b> &ensp; represento </p>   <p><small>[EXEMPLOS]</small><br> <br><b>1</b><br>ago Eunuchum <br> ago Parasitum </p>
ago,Cardoso,<b>Ago</b> <b>is</b> -<b>egi</b> <b>actum</b>   <p> <b>1</b> &ensp; fazer o que não fica </p>
ala,Cardoso,<b>Ala</b> -<b>ae</b>
ala,Cardoso,<b>Ala</b> -<b>ae</b>
alica,Cardoso,<b>Alica</b> -<b>ae</b>
aliquis,Cardoso,<b>Aliquis</b> -<b>a</b> <b>quod</b>   <p> <b>1</b> &ensp; algum. ou algũa </p>
alius,Cardoso,<b>Alius</b> -<b>a</b> <b>ud</b>   <p> <b>1</b> &ensp; outro. ou outra </p>
alter,Cardoso,<b>Alter</b> -<b>a</b> <b>um</b>   <p> <b>1</b> &ensp; hum dos dous </p>
alter,Cardoso,<b>Alter</b> -<b>eris</b>   <p> <b>1</b> &ensp; a maça de chumbo </p>
ambrosia,Cardoso,<b>Ambrosia</b> -<b>ae</b>
amicus,Cardoso,<b>Amicus</b> <b>i</b>   <p> <b>1</b> &ensp; o amigo </p>
ampulla,Cardoso,<b>Ampulla</b> -<b>ae</b>
an,Cardoso,<b>An</b> <br> <small>aduerb. interrogatiuũ.</small>   <p> <b>1</b> &ensp; por ventura </p>
anatarius,Cardoso,<b>Anatorius</b> -<b>a</b> <b>um</b>
ancorarius,Cardoso,<b>Anchorarius</b> <b>ij</b>
animaduerto,Cardoso,<b>Animaduerto</b> <b>is</b>
animus,Cardoso,<b>Animus</b> <b>i</b>   <p> <b>1</b> &ensp; ho animo. ou alma </p>
annus,Cardoso,<b>Annus</b> <b>i</b>   <p> <b>1</b> &ensp; o anno </p>
antes,Cardoso,<b>Antes</b> <b>tium</b>
anthrax,Cardoso,<b>Anthrax</b> -<b>acis</b>
apage,Cardoso,<b>Apagete</b> <br> <small>aduerb.</small>
apex,Cardoso,<b>Apex</b> <b>icis</b>
apicula,Cardoso,<b>apicula</b> -<b>ae</b> <br> <small>diminut.</small>
apis,Cardoso,<b>apis</b> <b>is</b>
appareo,Cardoso,<b>Appareo</b> -<b>es</b> <b>ui</b> <b>itum</b>
appositio,Cardoso,<b>Appositio</b> <b>onis</b>
apud,Cardoso,<b>Apud</b> <br> <small>praepositio</small>   <p> <b>1</b> &ensp; iunto. ou cerca </p>
aqualiculus,Cardoso,<b>Aqualiculus</b> <b>i</b> <br> <small>apud persium.</small>
area,Cardoso,<b>Area</b> -<b>ae</b>
arma,Cardoso,<b>Arma</b> <b>orum</b>   <p> <b>1</b> &ensp; as armas. ou aparelhos pera fazer qualquer cousa </p>
articulus,Cardoso,<b>Articulus</b> <b>i</b> <br> <small>dimin.</small>
ascopa,Cardoso,<b>Ascopa</b> -<b>ae</b>
aspiro,Cardoso,<b>Aspiro</b> -<b>as</b> -<b>aui</b> -<b>atum</b>
assentio,Cardoso,<b>Assentio</b> <b>onis</b>
at,Cardoso,<b>At</b> <br> <small>coniũctio increpatiua.</small>   <p> <b>1</b> &ensp; ay. ou mas </p>
atque,Cardoso,<b>Atque</b> <br> <small>coniunctio copulatiua.</small>   <p> <b>1</b> &ensp; <small>vt &</small> <br> <b>2</b> &ensp; <small>aliquando pro quàm</small> &ensp; que </p>
attagen,Cardoso,<b>Attagen</b> -<b>enis</b>
audio,Cardoso,<b>Audio</b> <b>is</b> <b>iui</b> <b>itum</b>   <p> <b>1</b> &ensp; ouuir </p>
balanus,Cardoso,<b>Balanus</b> <b>i</b>
balneum,Cardoso,<b>balneum</b> -<b>ei</b>
barathrum,Cardoso,<b>Barathrum</b> <b>i</b>
bellum,Cardoso,<b>Bellum</b> <b>i</b>   <p> <b>1</b> &ensp; a guerra </p>
bene,Cardoso,<b>Bene</b> <br> <small>aduerb.</small>   <p> <b>1</b> &ensp; bem </p>
bonum,Cardoso,<b>Bonum</b> <b>i</b>   <p> <b>1</b> &ensp; ho bem </p>
bonus,Cardoso,<b>Bonus</b> -<b>a</b> <b>um</b>   <p> <b>1</b> &ensp; cousa boa </p>
brabeum,Cardoso,<b>brabium</b>
brabeum,Cardoso,<b>brabium</b>
brocchus,Cardoso,<b>Bronchus</b> <b>i</b>
caducus,Cardoso,<b>Caducus</b> -<b>a</b> <b>um</b>
ceterus,Cardoso,<b>Caeter</b> -<b>a</b> <b>um</b>   <p> <b>1</b> &ensp; ho restante </p>
calceo,Cardoso,<b>calcio</b> -<b>as</b>
calculus,Cardoso,<b>Calculus</b> <b>i</b>
calix,Cardoso,<b>Calix</b> <b>icis</b>
canis,Cardoso,<b>Canis</b> <b>is</b>
capio,Cardoso,<b>Capio</b> <b>is</b> <b>caepi</b> <b>captum</b>   <p> <b>1</b> &ensp; catiuar. ou namorar </p>
capistratus,Cardoso,<b>Capistratus</b> <b>us</b>
caput,Cardoso,<b>Caput</b> <b>isis</b>
carpo,Cardoso,<b>Carpo</b> <b>is</b>
caryophyllum,Cardoso,<b>caryophyllum</b>
castra,Cardoso,<b>Castra</b> <b>orum</b>   <p> <b>1</b> &ensp; ho arrayal de guerra </p>
caupona,Cardoso,<b>Caupona</b> -<b>ae</b>
causa,Cardoso,<b>Causa</b> -<b>ae</b>   <p> <b>1</b> &ensp; a cousa. ou achaque </p>
censeo,Cardoso,<b>Censeo</b> -<b>es</b>
censorius,Cardoso,<b>Censorius</b> <b>ij</b>
censitus2,Cardoso,<b>Census</b> -<b>a</b> <b>um</b>
census,Cardoso,<b>Census</b> <b>us</b>
cinis,Cardoso,<b>ciner</b>
ciuis,Cardoso,<b>Ciuis</b> <b>is</b>   <p> <b>1</b> &ensp; ho cidadão. ou cidadoa </p>
ciuitas,Cardoso,<b>Ciuitas</b> -<b>atis</b>   <p> <b>1</b> &ensp; a cidade </p>
cognosco,Cardoso,<b>Cognosco</b> <b>is</b> <b>ui</b> <b>itum</b>   <p> <b>1</b> &ensp; conhecer de nouo </p>
cohors,Cardoso,<b>Cohors</b> <b>ortis</b>
comes,Cardoso,<b>Comes</b> <b>itis</b>
committo,Cardoso,<b>Committo</b> <b>is</b> <b>si</b> <b>ssum</b>
commodo,Cardoso,<b>Commodo</b> -<b>as</b>
condicio,Cardoso,<b>Conditio</b> <b>onis</b>
conduco,Cardoso,<b>Conduco</b> <b>is</b>
confero,Cardoso,<b>Confero</b> -<b>ers</b>
conglacio,Cardoso,<b>Conglatio</b> -<b>as</b>
conger,Cardoso,<b>congrus</b> <b>i</b>
coniecto,Cardoso,<b>Coniecto</b> -<b>as</b>
conscius,Cardoso,<b>Conscius</b> -<b>a</b> <b>um</b>
consilium,Cardoso,<b>Consilium</b> <b>ij</b>   <p> <b>1</b> &ensp; ho conselho </p>
consputo,Cardoso,<b>Consputare</b>
consul,Cardoso,<b>Consul</b> <b>ulis</b>   <p> <b>1</b> &ensp; ho vereador. ou consul </p>
consulo,Cardoso,<b>Consulo</b> <b>is</b>
contendo,Cardoso,<b>Contendo</b> <b>is</b> -<b>di</b> <b>sum</b>
contentio,Cardoso,<b>Contentio</b> <b>onis</b>
conuenio,Cardoso,<b>Conuenio</b> <b>is</b>
conuenio,Cardoso,<b>Conuenio</b> <b>is</b>
copula,Cardoso,<b>Copula</b> -<b>ae</b>
cornu,Cardoso,<b>Cornu</b> <b>u</b>
corpus,Cardoso,<b>Corpus</b> <b>oris</b>   <p> <b>1</b> &ensp; ho corpo </p>
cohors,Cardoso,<b>cors</b> <b>ortis</b>
caurus,Cardoso,<b>corus</b> <b>i</b>
cottidie,Cardoso,<b>cotidie</b>
credo,Cardoso,<b>Credo</b> <b>is</b> -<b>didi</b> <b>itum</b>   <p> <b>1</b> &ensp; crêr. ou cõfiar </p>
cucullus,Cardoso,<b>Cucullus</b> <b>i</b>
cucumis,Cardoso,<b>cucumer</b>
culleus,Cardoso,<b>Culleus</b> -<b>ei</b>
cum2,Cardoso,<b>Cum</b> <br> <small>praepositio.</small>   <p> <b>1</b> &ensp; com </p>
cur,Cardoso,<b>cur</b> <br> <small>aduer.</small>
curculio,Cardoso,<b>curculio</b>
curo,Cardoso,<b>Curo</b> -<b>as</b>
cuminum,Cardoso,<b>Cyminum</b> <b>i</b>
cupressus,Cardoso,<b>cypressus</b>
do,Cardoso,<b>Dare</b> <br> <small>absolutè.</small>   <p> <b>1</b> &ensp; dar a molher o seu corpo </p>
dascylus,Cardoso,<b>dasquillus</b> <b>i</b>
deduco,Cardoso,<b>Deduco</b> <b>is</b>
deficio,Cardoso,<b>Deficio</b> <b>is</b>
deficio,Cardoso,<b>Deficio</b> <b>is</b>
deinde,Cardoso,<b>Dein</b> <br> <small>aduerb.</small>   <p> <b>1</b> &ensp; despois </p>
deinde,Cardoso,<b>deinde</b> <br> <small>aduerb.</small>   <p> <b>1</b> &ensp; despois </p>
delego,Cardoso,<b>Delego</b> -<b>as</b>
depono,Cardoso,<b>Depono</b> <b>is</b> <b>sui</b> <b>situm</b>
deus,Cardoso,<b>Deus</b> -<b>ei</b>   <p> <b>1</b> &ensp; deos. ou deosa </p>
dextera,Cardoso,<b>dextra</b> -<b>ae</b>
dico,Cardoso,<b>Dico</b> <b>is</b> <b>xi</b> -<b>ctum</b>   <p> <b>1</b> &ensp; dizer &ensp; <small>actiuo.</small> </p>
dictamnum,Cardoso,<b>dictamnum</b> <b>i</b>
dies,Cardoso,<b>Dies</b> -<b>ei</b>   <p> <b>1</b> &ensp; ho dia </p>
differo,Cardoso,<b>Differo</b> -<b>ers</b> <b>istuli</b> <b>latum</b>
dies,Cardoso,<b>Diu</b>   <p> <b>1</b> &ensp; de dia </p>
diu,Cardoso,<b>Diutissime</b> <br> <small>aduerb.</small>
do,Cardoso,<b>Do</b> -<b>as</b> <b>dedi</b> <b>datum</b>   <p> <b>1</b> &ensp; dar </p>
dolo2,Cardoso,<b>Dolon</b> <b>onis</b>
domus,Cardoso,<b>Domi</b> <br> <small>aduerbialiter.</small>   <p> <b>1</b> &ensp; em casa </p>
dominus,Cardoso,<b>Dominus</b> <b>i</b>   <p> <b>1</b> &ensp; ho senhor </p>
domus,Cardoso,<b>Domus</b> <b>us</b>   <p> <b>1</b> &ensp; a casa. ou familia </p>
bellum,Cardoso,<b>Duellum</b> <b>i</b>   <p> <b>1</b> &ensp; a guerra de dous. ou desafio </p>
dum,Cardoso,<b>Dum</b> <br> <small>cõiũctio.</small>   <p> <b>1</b> &ensp; quando. emmentes que </p>
duo,Cardoso,<b>Duo</b> -<b>ae</b> <b>o</b>   <p> <b>1</b> &ensp; dous </p>
duro,Cardoso,<b>Duro</b> -<b>as</b>
ex,Cardoso,<b>E</b> <br> <small>praepositio.</small>   <p> <b>1</b> &ensp; de </p>   <p><small>[EXEMPLOS]</small><br> <br><b>1</b><br>e coelo cedidit Cato </p>
echinus,Cardoso,<b>Echinus</b> <b>i</b>
elenchus,Cardoso,<b>Elenchus</b> <b>i</b>
ellam,Cardoso,<b>Ellos</b> -<b>as</b>
eloco,Cardoso,<b>Eloco</b> -<b>as</b>
enecatus,Cardoso,<b>Enecatus</b> -<b>a</b> <b>um</b>
enim,Cardoso,<b>Enim</b> <br> <small>coniunctio.</small>   <p> <b>1</b> &ensp; porque </p>
eo,Cardoso,<b>Eo</b> <b>is</b> <b>iui</b> <b>itum</b>   <p> <b>1</b> &ensp; ir </p>
ephemeris,Cardoso,<b>Ephemeris</b> <b>idis</b>
ergo,Cardoso,<b>Ergo</b> <br> <small>coniũctio.</small>   <p> <b>1</b> &ensp; por tanto. ou asi que </p>
erro,Cardoso,<b>Erro</b> -<b>as</b>
et,Cardoso,<b>Et</b> <br> <small>coniunctio.</small>   <p> <b>1</b> &ensp; tambem </p>
etiam,Cardoso,<b>Etiam</b> <br> <small>coniunctio.</small>   <p> <b>1</b> &ensp; tambẽ. ou si </p>
etiam,Cardoso,<b>Etiam</b>   <p> <b>1</b> &ensp; atê </p>
ex,Cardoso,<b>Ex</b> <br> <small>praepositio.</small>   <p> <b>1</b> &ensp; de </p>   <p><small>[EXEMPLOS]</small><br> <br><b>1</b><br>ex urbe &ensp; <small>Da cidade</small> </p>
exactus,Cardoso,<b>Exactus</b> -<b>a</b> <b>um</b>
examen,Cardoso,<b>Examen</b> <b>inis</b>
excedo,Cardoso,<b>Excedo</b> <b>is</b> -<b>essi</b> -<b>essum</b>
excipio,Cardoso,<b>Excipio</b> <b>is</b> <b>caepi</b> -<b>eptum</b>
excussor,Cardoso,<b>Excussor</b> <b>oris</b>
exercitus,Cardoso,<b>Exercitus</b> <b>us</b>   <p> <b>1</b> &ensp; a gente de guerra </p>
exinde,Cardoso,<b>exinde</b>
exos,Cardoso,<b>exossis</b> -<b>e</b>
exspes,Cardoso,<b>Expes</b> -<b>edis</b>
expono,Cardoso,<b>Expono</b> <b>is</b> <b>sui</b> <b>situm</b>
extundo,Cardoso,<b>Extundo</b> <b>is</b> <b>extudi</b> <b>extusum</b>
exuuiae,Cardoso,<b>Exuuiae</b> -<b>arum</b>
fabula,Cardoso,<b>Fabula</b> -<b>ae</b>
facies,Cardoso,<b>Facies</b> -<b>ei</b>
facilis,Cardoso,<b>Facilis</b> -<b>e</b>
facilitas,Cardoso,<b>Facilitas</b> -<b>atis</b>
facio,Cardoso,<b>Facio</b>   <p> <b>1</b> &ensp; <small>pro conuenio</small> </p>   <p><small>[EXEMPLOS]</small><br> <br><b>1</b><br>lex facit ad me <br> lex facit pro me </p>
facio,Cardoso,<b>Facio</b> <b>is</b> -<b>eci</b> <b>actum</b>   <p> <b>1</b> &ensp; fazer </p>
facio,Cardoso,<b>Facio</b> <b>is</b> -<b>eci</b> <b>actum</b>
facultas,Cardoso,<b>Facultas</b> -<b>atis</b>
facultas,Cardoso,<b>Facultates</b>
familia,Cardoso,<b>Familia</b> -<b>ae</b> <br> <small>Terent. dixit.</small>
fatum,Cardoso,<b>Fatum</b> <b>i</b>
facio,Cardoso,<b>Faxit</b> <b>faxint</b> <br> <small>pro fecerit. fecerint.</small>
ferculum,Cardoso,<b>Ferculum</b> <b>i</b>
fero,Cardoso,<b>Fero</b> -<b>ers</b> <b>tuli</b> <b>latum</b>   <p> <b>1</b> &ensp; leuar. trazer. soffrer </p>
ferreus,Cardoso,<b>Ferreus</b> -<b>a</b> <b>um</b>
fibra,Cardoso,<b>Fibra</b> -<b>ae</b>
ficosus,Cardoso,<b>Ficosus</b> -<b>a</b> <b>um</b>
fides,Cardoso,<b>Fides</b> -<b>ei</b>   <p> <b>1</b> &ensp; a fee. ou credito </p>
fides,Cardoso,<b>Fides</b> -<b>ei</b>
filius,Cardoso,<b>Filius</b> <b>ij</b>   <p> <b>1</b> &ensp; ho filho </p>
fio,Cardoso,<b>Fio</b> <b>is</b> <b>factus sum</b>   <p> <b>1</b> &ensp; ser feyto </p>
fistula,Cardoso,<b>Fistula</b> -<b>ae</b>
forma,Cardoso,<b>Forma</b> -<b>ae</b>
fornix,Cardoso,<b>Fornix</b> <b>icis</b>
fors,Cardoso,<b>forsan</b> <br> <small>aduerb.</small>
fors,Cardoso,<b>fortasse</b> <br> <small>aduerb.</small>
fors,Cardoso,<b>Forte</b> <br> <small>aduerb.</small>
fortuna,Cardoso,<b>Fortuna</b> -<b>ae</b>   <p> <b>1</b> &ensp; a fortuna </p>
fraudo,Cardoso,<b>Fraudo</b> -<b>as</b>
fricatus2,Cardoso,<b>frictus</b> -<b>a</b> <b>um</b>
fulgor,Cardoso,<b>Fulgor</b> <b>oris</b>
fungus,Cardoso,<b>Fungus</b> <b>i</b>
gelo,Cardoso,<b>Gelo</b> -<b>as</b>
geminus,Cardoso,<b>Geminus</b> -<b>a</b> <b>um</b>
gemma,Cardoso,<b>Gemma</b> -<b>ae</b>
gentilis,Cardoso,<b>Gentilis</b> -<b>e</b>
genus,Cardoso,<b>Genus</b> -<b>eris</b>   <p> <b>1</b> &ensp; ho genero. ou geração </p>
gero,Cardoso,<b>Gero</b> <b>is</b> <b>gessi</b> <b>gestum</b>   <p> <b>1</b> &ensp; trazer ás costas </p>
gero,Cardoso,<b>Gero</b> <b>is</b> <b>si</b> <b>stum</b>
glacio,Cardoso,<b>Glacio</b> -<b>as</b>
glaucus,Cardoso,<b>Glaucus</b> -<b>a</b> <b>um</b>
globulus,Cardoso,<b>Globulus</b> <b>i</b>
gnarus,Cardoso,<b>gnarus</b> -<b>a</b> <b>um</b>
gradus,Cardoso,<b>Gradus</b> <b>us</b>
gramen,Cardoso,<b>Gramen</b> <b>inis</b>
gratia,Cardoso,<b>Gratia</b> -<b>ae</b>
grauis,Cardoso,<b>Grauis</b> -<b>e</b>   <p> <b>1</b> &ensp; cousa graue ou pesada </p>
grypus,Cardoso,<b>Gryphus</b> <b>i</b>
habeo,Cardoso,<b>Habeo</b> -<b>es</b> <b>ui</b> <b>itum</b>   <p> <b>1</b> &ensp; ter. ou entẽder </p>
habeo,Cardoso,<b>Habet</b>   <p> <b>1</b> &ensp; <small>Dir-se-ha quando hum tem o que deseiou. ou o que mereceo. Tomou-se dos caçadores. ou pescadores que quando tornão as redes. dizem. Hay algo.</small> </p>
haereo,Cardoso,<b>Haereo</b> -<b>es</b> <b>si</b> <b>sum</b>
allux,Cardoso,<b>hallux</b> <b>ucis</b>
heri,Cardoso,<b>heri</b>
hinc,Cardoso,<b>Hinc</b> <br> <small>aduerb.</small>   <p> <b>1</b> &ensp; d´aqui </p>
hircus,Cardoso,<b>Hircquus</b> <b>ij</b>
homo,Cardoso,<b>Homo</b> <b>inis</b>   <p> <b>1</b> &ensp; ho homem </p>
hostio,Cardoso,<b>Hostio</b> <b>is</b> <b>iui</b> <b>itum</b> <br> <small>sed melius rehostio.</small>
hostis,Cardoso,<b>Hostis</b> <b>is</b>   <p> <b>1</b> &ensp; ho imigo </p>
hinc,Cardoso,<b>Huc</b> <br> <small>aduerb. loci.</small>   <p> <b>1</b> &ensp; pera qua </p>
huiusmodi,Cardoso,<b>huiuscemodi</b>
iamdudum,Cardoso,<b>Iam dudum</b> <br> <small>aduerb.</small>
iam,Cardoso,<b>Iam</b> <br> <small>aduerb.</small>   <p> <b>1</b> &ensp; ia. ou logo </p>
igitur,Cardoso,<b>Igitur</b> <br> <small>coniunctio illatiua.</small>   <p> <b>1</b> &ensp; assi que </p>
ille,Cardoso,<b>Ille</b> -<b>a</b> <b>ud</b>   <p> <b>1</b> &ensp; aquelle </p>
illex,Cardoso,<b>Illex</b> -<b>egis</b>
imbrex,Cardoso,<b>Imbrex</b> <b>icis</b>
imperium,Cardoso,<b>Imperium</b> <b>ij</b>   <p> <b>1</b> &ensp; ho imperio. ou senhorio </p>
impingo,Cardoso,<b>Impingo</b> <b>is</b> -<b>egi</b> <b>actum</b>
impono,Cardoso,<b>Impono</b> <b>is</b> <b>sui</b> <b>situm</b>
impubes,Cardoso,<b>impubes</b> -<b>eris</b>
in,Cardoso,<b>In</b> <br> <small>praepositio.</small>   <p> <b>1</b> &ensp; <small>pro contra</small> </p>   <p><small>[EXEMPLOS]</small><br> <br><b>1</b><br>in hostem </p>
in,Cardoso,<b>In</b>
incandesco,Cardoso,<b>incandesco</b> <b>is</b>
index1,Cardoso,<b>Index</b> <b>icis</b>
indico,Cardoso,<b>Indico</b> -<b>as</b>
ineo,Cardoso,<b>Ineo</b> <b>is</b>
iniussus,Cardoso,<b>Iniussus</b> <b>us</b>
inquam,Cardoso,<b>Inquam</b>   <p> <b>1</b> &ensp; torno à dizer </p>
inquam,Cardoso,<b>Inquio</b> <b>is</b>   <p> <b>1</b> &ensp; dizer </p>
insperabiliter,Cardoso,<b>Insperabiliter</b> <br> <small>aduerb.</small>
instratus2,Cardoso,<b>Instratus</b> -<b>a</b> <b>um</b>
intellectus,Cardoso,<b>Intellectus</b> <b>us</b>
inter,Cardoso,<b>Inter</b> <br> <small>praepositio.</small>   <p> <b>1</b> &ensp; entre </p>
internecio,Cardoso,<b>internicio</b> <b>nis</b>
interpolis,Cardoso,<b>Interpolis</b> -<b>e</b>
intestabilis,Cardoso,<b>Intestabilis</b> -<b>e</b>
intubus,Cardoso,<b>intibus</b> <b>i</b>
intritum,Cardoso,<b>Intritum</b> <b>i</b>
intritum,Cardoso,<b>Intritum</b> <b>i</b>
introrsum,Cardoso,<b>introrsus</b> <br> <small>aduerb.</small>
inuitabilis,Cardoso,<b>Inuitabilis</b> -<b>e</b>
ir,Cardoso,<b>ir</b> <br> <small>indecli.</small>
is,Cardoso,<b>Is</b> <b>ea</b> <b>id</b>   <p> <b>1</b> &ensp; este </p>
insicia,Cardoso,<b>isitia</b> -<b>ae</b>
iste,Cardoso,<b>Iste</b> <b>ista</b> <b>istud</b>   <p> <b>1</b> &ensp; essé </p>
istac,Cardoso,<b>Isthac</b> <br> <small>aduerb.</small>
ita,Cardoso,<b>Ita</b> <br> <small>aduerb. similitudinis.</small>   <p> <b>1</b> &ensp; assi </p>   <p><small>[EXEMPLOS]</small><br> <br><b>1</b><br>ita legit </p>
ita,Cardoso,<b>Ita</b>
itaque,Cardoso,<b>Itaque</b>   <p> <b>1</b> &ensp; assique </p>
iubeo,Cardoso,<b>Iubeo</b> -<b>es</b> <b>iussi</b> <b>iussum</b>   <p> <b>1</b> &ensp; mãdar como iussũ </p>
Iudaea,Cardoso,<b>Iudaea</b> -<b>ae</b>
iudex,Cardoso,<b>Iudex</b> <b>icis</b>   <p> <b>1</b> &ensp; ho juyz </p>
iudicium,Cardoso,<b>Iudicium</b> <b>ij</b>   <p> <b>1</b> &ensp; ho juyzo </p>
iugum,Cardoso,<b>Iugum</b> <b>i</b>
iugum,Cardoso,<b>Iugum</b> <b>i</b>
iugum,Cardoso,<b>Iugum</b> <b>i</b>
iugum,Cardoso,<b>Iugum</b> <b>i</b>
ius,Cardoso,<b>Ius</b> <b>uris</b>   <p> <b>1</b> &ensp; ho dereyto </p>
lactes,Cardoso,<b>Lactes</b> <b>ium</b>
lagona,Cardoso,<b>lagona</b> -<b>ae</b>
laridum,Cardoso,<b>laridum</b> <b>i</b>
larus,Cardoso,<b>Larus</b> <b>lari</b>
lecythus,Cardoso,<b>Lechytus</b> <b>i</b>
legio,Cardoso,<b>Legio</b> <b>onis</b>   <p> <b>1</b> &ensp; a legião de gente de pee </p>
lego2,Cardoso,<b>Lego</b> -<b>as</b> -<b>aui</b>
lento,Cardoso,<b>Lento</b> -<b>as</b> -<b>aui</b>
leucoma,Cardoso,<b>Leucoma</b> <b>leucomatis</b>
lex,Cardoso,<b>Lex</b> -<b>egis</b>   <p> <b>1</b> &ensp; a ley </p>
libella,Cardoso,<b>Libella</b> -<b>ae</b> <br> <small>dim.</small>
licet,Cardoso,<b>Licebit</b> <br> <small>coniunctio</small>   <p> <b>1</b> &ensp; ainda que </p>
licet,Cardoso,<b>Licet</b> <br> <small>coniunctio</small>   <p> <b>1</b> &ensp; ainda que </p>
licet,Cardoso,<b>Licet</b> <b>licebat</b>   <p> <b>1</b> &ensp; ser licito. ou poder </p>
lignatio,Cardoso,<b>Lignatio</b> <b>onis</b>
limax,Cardoso,<b>Limax</b> -<b>acis</b>
linamentum,Cardoso,<b>Linamentum</b> <b>i</b>
linea,Cardoso,<b>Linea</b> -<b>eae</b>
lingo,Cardoso,<b>lingo</b>
lingulaca,Cardoso,<b>Lingulaca</b> -<b>ae</b>
lineamentum,Cardoso,<b>liniamentum</b> <b>i</b>
liquide,Cardoso,<b>liquide</b> <br> <small>aduerb.</small>
liuor,Cardoso,<b>Liuor</b> <b>oris</b>
locellus,Cardoso,<b>Locellus</b> <b>i</b>
loco,Cardoso,<b>Loco</b> -<b>as</b>
loco,Cardoso,<b>Loco</b> -<b>as</b>
loculus,Cardoso,<b>Loculus</b> <b>i</b>
locus,Cardoso,<b>Locus</b> <b>i</b>   <p> <b>1</b> &ensp; ho lugar. ou passo de liuro </p>
lolligo,Cardoso,<b>lolligo</b> <b>onis</b>
lora,Cardoso,<b>lorea</b> -<b>eae</b>
ludo,Cardoso,<b>Ludo</b> <b>is</b>
lumbricus,Cardoso,<b>Lumbricus</b> <b>i</b>
lumen,Cardoso,<b>Lumen</b> <b>inis</b>
lustra2,Cardoso,<b>Lustra</b> <b>orum</b>
lustro,Cardoso,<b>Lustro</b> -<b>as</b>
lustro,Cardoso,<b>Lustro</b> -<b>as</b>
macero,Cardoso,<b>Macero</b> -<b>as</b> -<b>aui</b>
machina,Cardoso,<b>Machina</b> -<b>ae</b>
macidatus,Cardoso,<b>Macidatus</b> -<b>a</b> <b>um</b>
magis,Cardoso,<b>Mage</b> <br> <small>aduerb. pro magis.</small>   <p> <b>1</b> &ensp; mais </p>
magis,Cardoso,<b>Magis</b>   <p> <b>1</b> &ensp; mais </p>
magnus,Cardoso,<b>Magnus</b> -<b>a</b> <b>um</b>   <p> <b>1</b> &ensp; cousa grande </p>
malacia,Cardoso,<b>Malacia</b> -<b>ae</b>
malignus,Cardoso,<b>Malignus</b> -<b>a</b> <b>um</b>
malicorium,Cardoso,<b>malocorium</b> <b>ij</b>
manipulus,Cardoso,<b>Manipulus</b> <b>i</b>
manubiarius,Cardoso,<b>Manubiarius</b> -<b>a</b> <b>um</b>
manus,Cardoso,<b>Manus</b>
manus,Cardoso,<b>Manus</b> <b>us</b>   <p> <b>1</b> &ensp; a mão. ou companha </p>
martius,Cardoso,<b>Martius</b> -<b>a</b> <b>um</b>
martius,Cardoso,<b>Martius</b> <b>ij</b>
ego,Cardoso,<b>Mecum</b>   <p> <b>1</b> &ensp; comigo </p>
medico,Cardoso,<b>Medico</b> -<b>as</b>
mehercule,Cardoso,<b>mehercule</b> <br> <small>aduerb. iurandi.</small>
melculum,Cardoso,<b>Melcuculum</b> <b>i</b> <br> <small>diminut.</small>
melota,Cardoso,<b>melote</b> -<b>es</b>
memini,Cardoso,<b>Memini</b> <b>meministi</b>
mercatus,Cardoso,<b>Mercatus</b> <b>us</b>
mergulus,Cardoso,<b>Mergulus</b> <b>i</b>
mergus,Cardoso,<b>Mergus</b> <b>oris</b>
meta,Cardoso,<b>Meta</b> -<b>ae</b>
meta,Cardoso,<b>Meta</b> -<b>ae</b>
meta,Cardoso,<b>Meta</b> -<b>ae</b>
meus,Cardoso,<b>Meus</b> -<b>a</b> <b>um</b>   <p> <b>1</b> &ensp; cousa minha </p>
mico,Cardoso,<b>Mico</b> -<b>as</b>
miles,Cardoso,<b>Miles</b> <b>itis</b>   <p> <b>1</b> &ensp; ho soldado </p>
mille,Cardoso,<b>Mille</b> <br> <small>in singulari substantiuum.</small>
millus,Cardoso,<b>Millus</b> <b>i</b>
miluus,Cardoso,<b>miluius</b> <b>ij</b>
minimus,Cardoso,<b>Minimus</b> <b>i</b>
mitto,Cardoso,<b>Mitto</b> <b>is</b> <b>misi</b> <b>missum</b>   <p> <b>1</b> &ensp; emuiar </p>
modiolus,Cardoso,<b>Modiolus</b> <b>i</b>
modo,Cardoso,<b>Modo</b> <br> <small>aduerb.</small>   <p> <b>1</b> &ensp; ainda agora. ou âs vezes. ou tam somente </p>
modus,Cardoso,<b>Modus</b> <b>i</b>   <p> <b>1</b> &ensp; a maneyra. ou fim. ou medida </p>
mollis,Cardoso,<b>Mollis</b> -<b>e</b>
momentum,Cardoso,<b>Momentum</b> <b>i</b>
monumentum,Cardoso,<b>monimentum</b> <b>i</b>
monstruosus,Cardoso,<b>monstruosus</b> -<b>a</b> <b>um</b>
montuosus,Cardoso,<b>montuosus</b> -<b>a</b> <b>um</b>
monumentum,Cardoso,<b>Monumentum</b> <b>i</b>
moror,Cardoso,<b>Moror</b> -<b>aris</b>
moror,Cardoso,<b>Moror</b> -<b>aris</b>
mors,Cardoso,<b>Mors</b> <b>oris</b>   <p> <b>1</b> &ensp; ho costume </p>
mors,Cardoso,<b>Mors</b> <b>ortis</b>   <p> <b>1</b> &ensp; a morte </p>
mugil,Cardoso,<b>mulgilis</b>
multiuolus,Cardoso,<b>Multiuolus</b> -<b>a</b> <b>um</b>
multus,Cardoso,<b>Multus</b> -<b>a</b> <b>um</b>   <p> <b>1</b> &ensp; cousa muyta </p>
munus,Cardoso,<b>Munus</b> -<b>eris</b>
murra2,Cardoso,<b>murrha</b> -<b>ae</b>
musculus,Cardoso,<b>Musculus</b> <b>i</b>
mitulus,Cardoso,<b>mutilus</b> <b>i</b>
mutuus,Cardoso,<b>Mutuus</b> -<b>a</b> <b>um</b>
mitulus,Cardoso,<b>Mytilus</b>
myxa,Cardoso,<b>Myxa</b> -<b>ae</b>
nenia,Cardoso,<b>Naenia</b> -<b>ae</b>
nam,Cardoso,<b>Nam</b> <br> <small>coniunctiones.</small>   <p> <b>1</b> &ensp; porque </p>
natura,Cardoso,<b>Natura</b> <br> <small>aduerb.</small>   <p> <b>1</b> &ensp; ho mesmo </p>
natura,Cardoso,<b>Natura</b> -<b>ae</b>   <p> <b>1</b> &ensp; a naturaleza </p>
naulon,Cardoso,<b>naulon</b>
ne3,Cardoso,<b>Ne</b> <br> <small>aduerb. vetandi.</small>   <p> <b>1</b> &ensp; não </p>
nec,Cardoso,<b>Nec</b> <br> <small>coniunctio.</small>   <p> <b>1</b> &ensp; nem </p>
nemo,Cardoso,<b>Nemo</b> <b>inis</b>   <p> <b>1</b> &ensp; nenhũ. ou nenhũa </p>
nepos,Cardoso,<b>Nepos</b> <b>otis</b>
neque,Cardoso,<b>Neque</b> <br> <small>coniunctio.</small>   <p> <b>1</b> &ensp; nem </p>
neruus,Cardoso,<b>Neruus</b> <b>i</b>
neruus,Cardoso,<b>Neruus</b> <b>i</b>
neue,Cardoso,<b>Neu</b> <br> <small>coniunctio.</small>
nihil,Cardoso,<b>Nihil</b> <br> <small>indeclinabile.</small>   <p> <b>1</b> &ensp; nada </p>
nihil,Cardoso,<b>nihilum</b> <b>i</b> <br> <small>indeclinabile.</small>   <p> <b>1</b> &ensp; nada </p>
ningo,Cardoso,<b>ninguo</b> <b>is</b> <b>ninxi</b>
nisi,Cardoso,<b>Nisi</b> <br> <small>conjunctio</small>   <p> <b>1</b> &ensp; senam </p>
nos,Cardoso,<b>Nobiscum</b>   <p> <b>1</b> &ensp; com nos outros </p>
noma,Cardoso,<b>Noma</b> -<b>ae</b>
nomen,Cardoso,<b>Nomen</b> <b>inis</b>   <p> <b>1</b> &ensp; ho nome. ou a diuida </p>
non,Cardoso,<b>Non</b> <br> <small>aduerb. negandi.</small>   <p> <b>1</b> &ensp; nam </p>
nongeni,Cardoso,<b>nongeni</b> -<b>ae</b> -<b>a</b>
nongeni,Cardoso,<b>Nongenteni</b> -<b>ae</b> -<b>a</b>
noster,Cardoso,<b>Noster</b> -<b>a</b> <b>um</b>   <p> <b>1</b> &ensp; cousa nossa </p>
noualis,Cardoso,<b>Noualis</b> <b>is</b>
nouus,Cardoso,<b>Nouus</b> -<b>a</b> <b>um</b>   <p> <b>1</b> &ensp; cousa noua </p>
nullus,Cardoso,<b>Nullus</b>
nullus,Cardoso,<b>Nullus</b> -<b>a</b> <b>um</b>   <p> <b>1</b> &ensp; nenhum </p>
nummus,Cardoso,<b>nummus</b> <b>i</b>
nunc,Cardoso,<b>Nunc</b> <br> <small>aduerb. tempo.</small>   <p> <b>1</b> &ensp; agora </p>
nuper,Cardoso,<b>Nuperrime</b> <br> <small>aduerb.</small>
nusquam,Cardoso,<b>Nusquam</b> <br> <small>aduerb.</small>
nutus,Cardoso,<b>Nutus</b> <b>us</b>
obsecro,Cardoso,<b>Obsecro</b> <br> <small>aduerb.</small>
obseruo,Cardoso,<b>Obseruo</b> -<b>as</b>
octauus,Cardoso,<b>Octauus</b> -<b>a</b> <b>um</b>
oculus,Cardoso,<b>Oculus</b> <b>i</b>
oestrus,Cardoso,<b>Oestros</b> <b>i</b>
offendo,Cardoso,<b>Offendo</b> <b>is</b>
offensaculum,Cardoso,<b>Offensaculum</b> <b>i</b>
officium,Cardoso,<b>Officium</b> <b>ij</b>
olfacio,Cardoso,<b>Olfacio</b> <b>is</b>
olim,Cardoso,<b>Olim</b> <br> <small>aduer.</small>
omniparens,Cardoso,<b>Omniparens</b> -<b>entis</b>
omnis,Cardoso,<b>Omnis</b> -<b>e</b>   <p> <b>1</b> &ensp; todo </p>
opilio,Cardoso,<b>opilio</b> <b>onis</b>
ora,Cardoso,<b>Ora</b> -<b>ae</b>
oraculum,Cardoso,<b>Oraculum</b> <b>i</b>
orbis,Cardoso,<b>Orbis</b> <b>is</b>
organarius,Cardoso,<b>Organarius</b> <b>ij</b>
ortus,Cardoso,<b>Ortus</b> <b>us</b>
osculum,Cardoso,<b>Osculum</b> <b>i</b>
ostensus,Cardoso,<b>ostentus</b> -<b>a</b> <b>um</b>
phalanga,Cardoso,<b>palanga</b> -<b>ae</b>
phalangarius2,Cardoso,<b>palangarius</b>
palma,Cardoso,<b>Palma</b> -<b>ae</b>
palmula,Cardoso,<b>Palmula</b> -<b>ae</b>
panaegyris,Cardoso,<b>Panaegyris</b> <b>idos</b>
panathenaicus,Cardoso,<b>Panathenaicus</b>
pancratium,Cardoso,<b>Pancratium</b> <b>ij</b>
pannus,Cardoso,<b>Pannus</b> <b>i</b>
pappa,Cardoso,<b>Pappa</b> -<b>ae</b>
pappus,Cardoso,<b>Pappus</b> <b>i</b>
paradigma,Cardoso,<b>Paradigma</b> -<b>atis</b>
paroecia,Cardoso,<b>Paroesia</b> -<b>ae</b>
pars,Cardoso,<b>Pars</b> <b>artis</b>   <p> <b>1</b> &ensp; a parte. ou quinhão </p>
parum,Cardoso,<b>Parum</b> <br> <small>aduerb.</small>   <p> <b>1</b> &ensp; pouco em cãtidade </p>
paruus,Cardoso,<b>Paruus</b> -<b>a</b> <b>um</b>   <p> <b>1</b> &ensp; cousa piquena </p>
pascua,Cardoso,<b>pascua</b> <b>orum</b>
patefacio,Cardoso,<b>Patefacio</b> <b>onis</b>
pater,Cardoso,<b>Pater</b> <b>tris</b>   <p> <b>1</b> &ensp; ho pay </p>
pater,Cardoso,<b>Pater</b> <b>tris</b>   <p> <b>1</b> &ensp; ho senador </p>
pauefacio,Cardoso,<b>Pauefacio</b> <b>onis</b>
pauperies,Cardoso,<b>Pauperies</b> -<b>ei</b>
peciolum,Cardoso,<b>peciolum</b> <b>i</b>
pecten,Cardoso,<b>Pecten</b> <b>inis</b>
pecten,Cardoso,<b>Pecten</b> <b>nis</b>
pectino,Cardoso,<b>Pectino</b> <b>is</b> <b>pexui</b> <b>pexum</b>
pecunia,Cardoso,<b>Pecunia</b> -<b>ae</b>   <p> <b>1</b> &ensp; ho dinheyro </p>
peiero,Cardoso,<b>peiero</b> -<b>aui</b>
penetrale,Cardoso,<b>penetrale</b> <b>is</b>
penetro,Cardoso,<b>Penetro</b> -<b>as</b>
peniculus,Cardoso,<b>Peniculus</b> <b>i</b>
penis,Cardoso,<b>Penis</b> <b>is</b>
per,Cardoso,<b>Per</b> <br> <small>praepositio. accusati.</small>   <p> <b>1</b> &ensp; por </p>
per,Cardoso,<b>Per</b>
per,Cardoso,<b>Per</b>
per,Cardoso,<b>Per</b>
per,Cardoso,<b>Per</b>
percontatio,Cardoso,<b>percunctatio</b>
percontor,Cardoso,<b>percuntor</b> -<b>aris</b> -<b>atus</b>
perfricatus,Cardoso,<b>perfricatus</b> -<b>a</b> <b>um</b>
pergula,Cardoso,<b>Pergula</b> -<b>ae</b>
perhorreo,Cardoso,<b>Perhorreo</b> -<b>es</b>
periculum,Cardoso,<b>Periculum</b> <b>i</b>   <p> <b>1</b> &ensp; ho perigo. ou esperiẽcia </p>
perizoma,Cardoso,<b>perizoma</b> -<b>atis</b>
personatus,Cardoso,<b>Personatus</b> -<b>a</b> <b>um</b>
pertineo,Cardoso,<b>Pertineo</b> -<b>es</b>
pes,Cardoso,<b>Pes</b> -<b>dis</b>
pes,Cardoso,<b>Pes</b> -<b>dis</b>
petasus,Cardoso,<b>Petasus</b> <b>i</b>
peto,Cardoso,<b>Peto</b> <b>is</b> <b>iui</b> <b>itum</b>   <p> <b>1</b> &ensp; pedir </p>
pectitus,Cardoso,<b>Pexus</b> -<b>a</b> <b>um</b>
Pharus,Cardoso,<b>Pharos</b>
physiognomia,Cardoso,<b>Physiognomia</b> -<b>ae</b>
pico,Cardoso,<b>Pico</b> -<b>as</b>
pyctes,Cardoso,<b>pictes</b> -<b>ae</b>
pilo2,Cardoso,<b>Pilo</b> -<b>as</b> -<b>aui</b>
pilula,Cardoso,<b>Pilula</b> -<b>ae</b>
pilus,Cardoso,<b>Pilus</b> <b>i</b>
pistrinarius,Cardoso,<b>Pistrinarius</b> <b>ij</b>
pituita,Cardoso,<b>Pituita</b> <small>*</small> -<b>ae</b>
plagiarius,Cardoso,<b>Plagiarius</b> <b>ij</b>
plagosus,Cardoso,<b>Plagosus</b> -<b>a</b> <b>um</b>
planeta,Cardoso,<b>Planeta</b> -<b>ae</b>
plasma,Cardoso,<b>Plasma</b> -<b>atis</b>
polimentum,Cardoso,<b>Polimentum</b> <b>i</b>
polypus,Cardoso,<b>Polipus</b> <b>i</b>
pono,Cardoso,<b>Pono</b> <b>is</b>
pono,Cardoso,<b>Pono</b> <b>is</b> <b>posui</b> <b>itum</b>   <p> <b>1</b> &ensp; pôr &ensp; <small>actiuum.</small> </p>
populneus,Cardoso,<b>populneus</b> -<b>a</b> <b>um</b>
populus,Cardoso,<b>Populus</b> <b>i</b>   <p> <b>1</b> &ensp; ho pouo. ou alemo </p>
porcarius,Cardoso,<b>Porcarius</b> <b>ij</b>
possum,Cardoso,<b>Possum</b> <b>tes</b> <b>potui</b> <b>posse</b>   <p> <b>1</b> &ensp; poder </p>
postliminium,Cardoso,<b>Postliminium</b> <b>ij</b>
postmodum,Cardoso,<b>postmodum</b> <br> <small>aduerb.</small>
potissime,Cardoso,<b>potissimum</b> <br> <small>aduerb.</small>
praesens,Cardoso,<b>Praesens</b> -<b>entis</b>
praesentio,Cardoso,<b>Praesentio</b> <b>onis</b>
praetorius,Cardoso,<b>Praetorius</b> <b>ij</b>
primum,Cardoso,<b>Primo</b> <br> <small>aduerb.</small>   <p> <b>1</b> &ensp; primeiramente </p>
primus,Cardoso,<b>Primus</b> -<b>a</b> <b>um</b>   <p> <b>1</b> &ensp; cousa primeyra & principal </p>
principium,Cardoso,<b>Principium</b> <b>ij</b>
pro,Cardoso,<b>Pro</b> <br> <small>praepos. ablat.</small>   <p> <b>1</b> &ensp; por </p>
pro,Cardoso,<b>Pro</b>
proboscis,Cardoso,<b>proboscis</b>
procax,Cardoso,<b>Procax</b> -<b>acis</b>
procul,Cardoso,<b>Procul</b> <br> <small>aduer.</small>
propago2,Cardoso,<b>Propago</b> <b>inis</b>
propius,Cardoso,<b>Propius</b> <br> <small>aduerb.</small>
protelo,Cardoso,<b>Protelare</b>
psalterium,Cardoso,<b>Psalterium</b> <b>ij</b>
pubes,Cardoso,<b>Pubes</b> <b>is</b>
publicus,Cardoso,<b>Publicus</b> -<b>a</b> <b>um</b>   <p> <b>1</b> &ensp; cousa pubrica comum a todos </p>
pullarius,Cardoso,<b>Pullarius</b> -<b>a</b> <b>um</b>
pullus,Cardoso,<b>Pullus</b> <b>i</b>
pulso,Cardoso,<b>Pulso</b> -<b>as</b>
puluero,Cardoso,<b>Puluero</b> -<b>as</b>
pupula,Cardoso,<b>Pupula</b> -<b>ae</b>
pusula,Cardoso,<b>Pusula</b> -<b>ae</b>
puto,Cardoso,<b>Puto</b> -<b>as</b> -<b>aui</b>   <p> <b>1</b> &ensp; podar as vides. ou aruores </p>
puto,Cardoso,<b>Puto</b> -<b>as</b> -<b>aui</b>
putrefacio,Cardoso,<b>Putrefacio</b> <b>onis</b>
qua,Cardoso,<b>Qua</b> <br> <small>aduer.</small>   <p> <b>1</b> &ensp; por õde </p>
qua,Cardoso,<b>Qua</b> <br> <small>aduer.</small>
quadrans,Cardoso,<b>Quadrans</b> -<b>antis</b>
quadrans,Cardoso,<b>Quadrans</b> -<b>antis</b>
quadrantal,Cardoso,<b>Quadrantal</b> -<b>alis</b>
quadriduarius,Cardoso,<b>quadriduarius</b> -<b>a</b> <b>um</b>
quadriduum,Cardoso,<b>quadriduum</b>
quadringentesimus,Cardoso,<b>Quadringentesimus</b> -<b>a</b> <b>um</b>
quadrupes,Cardoso,<b>Quadrupes</b> -<b>dis</b>
quadruplator,Cardoso,<b>Quadruplator</b> <b>oris</b>
quaero,Cardoso,<b>Quaero</b> <b>is</b> <b>iui</b> <b>itum</b>   <p> <b>1</b> &ensp; buscar. ou pregũtar </p>
qualum,Cardoso,<b>Quallum</b> <b>i</b>
quando,Cardoso,<b>Quando</b> <br> <small>coniunctio.</small>
quantus,Cardoso,<b>Quantus</b> -<b>a</b> <b>um</b>   <p> <b>1</b> &ensp; quam grande cousa </p>
quapropter,Cardoso,<b>Quapropter</b>
quartus,Cardoso,<b>Quartus</b> -<b>a</b> <b>um</b>
quatenus,Cardoso,<b>Quatenus</b> <br> <small>aduerb.</small>
quercus,Cardoso,<b>quercus</b> <b>us</b>
quaero,Cardoso,<b>Quero</b> -<b>eris</b> <b>questus</b>   <p> <b>1</b> &ensp; queyxar-se </p>
quia,Cardoso,<b>Quia</b> <br> <small>coniunctio.</small>   <p> <b>1</b> &ensp; porque </p>
quidem,Cardoso,<b>Quidem</b> <br> <small>aduerb.</small>   <p> <b>1</b> &ensp; em verdade </p>
quin,Cardoso,<b>Quin</b> <br> <small>cum indicatiuo.</small>
quincunx,Cardoso,<b>Quincunx</b> -<b>cis</b>
quingenteni,Cardoso,<b>Quingenteni</b> -<b>ae</b> -<b>a</b>
quingentesimus,Cardoso,<b>Quingentesimus</b> -<b>a</b> <b>um</b>
quinquagiens,Cardoso,<b>Quinquagies</b> <br> <small>nomen.</small>
quintilis,Cardoso,<b>Quintilis</b> -<b>e</b>
quisquam,Cardoso,<b>Quisquam</b> <b>quaequam</b> <b>quodquam</b>   <p> <b>1</b> &ensp; ho mesmo </p>
quisque,Cardoso,<b>Quisque</b> <br> <small>semper cũ superlatiuo.</small>   <p> <b>1</b> &ensp; qualquer </p>
qua,Cardoso,<b>Quo</b> <br> <small>aduerb.</small>   <p> <b>1</b> &ensp; pera onde </p>
qualibeat,Cardoso,<b>Quolibet</b> <br> <small>aduerb.</small>
qua2,Cardoso,<b>Quoque</b> <br> <small>coniunctio.</small>   <p> <b>1</b> &ensp; tambem. ou semelhantemente </p>
quoquouersus,Cardoso,<b>Quoquouersus</b> <br> <small>aduerb.</small>
radio,Cardoso,<b>Radio</b> <b>onis</b>
radiolus,Cardoso,<b>Radiolus</b> <b>i</b> <br> <small>diminu.</small>
radius,Cardoso,<b>Radius</b> <b>ij</b>
ratio,Cardoso,<b>Ratio</b> <b>onis</b>   <p> <b>1</b> &ensp; a rezão. ou conta </p>
recalfacio,Cardoso,<b>recalfacio</b> -<b>cis</b>
recipio,Cardoso,<b>Recipio</b> <br> <small>cum datiuo.</small>
recoquo,Cardoso,<b>Recoquo</b> <b>is</b>
recresco,Cardoso,<b>Recresco</b> <b>is</b>
recutitus,Cardoso,<b>Recutitus</b> -<b>a</b> <b>tum</b>
redhostio,Cardoso,<b>Redostio</b> <b>is</b>
reduco,Cardoso,<b>Reduco</b> <b>is</b>
reduco,Cardoso,<b>Reduco</b> <b>is</b>
refero,Cardoso,<b>Refero</b> -<b>ers</b>
refero,Cardoso,<b>Refero</b> -<b>ers</b> <b>tuli</b>   <p> <b>1</b> &ensp; tornar a trazer. ou cõtar </p>
refert,Cardoso,<b>Refert</b> <br> <small>impersonale.</small>
reficio,Cardoso,<b>Reficio</b> -<b>cis</b>
refigo,Cardoso,<b>Refigo</b> <b>gis</b>
refluo,Cardoso,<b>Refluo</b> <b>is</b>
regio,Cardoso,<b>Regio</b> <b>onis</b>
regio,Cardoso,<b>Regio</b> <b>onis</b>
regulus,Cardoso,<b>Regulus</b> <b>i</b>
reicio,Cardoso,<b>Reiicio</b> <b>is</b>
relinquo,Cardoso,<b>Relinquo</b> <b>is</b> <b>iqui</b> <b>ictum</b>   <p> <b>1</b> &ensp; deyxar </p>
remora,Cardoso,<b>Remora</b> -<b>ae</b>
renideo,Cardoso,<b>Renideo</b> <b>is</b>
repositus,Cardoso,<b>repositus</b>
requiesco,Cardoso,<b>Requiesco</b> <b>is</b>
res,Cardoso,<b>Res</b> <b>rei</b>   <p> <b>1</b> &ensp; a cousa. ou fazenda </p>
res,Cardoso,<b>Res</b> <b>rei</b>   <p> <b>1</b> &ensp; a demanda </p>
rescindo,Cardoso,<b>Rescindo</b> <b>is</b>
resecro,Cardoso,<b>Resecro</b> -<b>as</b>
resideo,Cardoso,<b>Resideo</b> <b>is</b>
resigno,Cardoso,<b>Resigno</b>
resigno,Cardoso,<b>Resigno</b> -<b>as</b>
resisto,Cardoso,<b>Resisto</b> <b>is</b>
retorqueo,Cardoso,<b>Retorqueo</b> -<b>es</b>
reuincio,Cardoso,<b>Reuincio</b> <b>is</b>
rex,Cardoso,<b>Rex</b> <b>gis</b>   <p> <b>1</b> &ensp; el Rey. ou homem rico </p>
rhagas,Cardoso,<b>Rhagas</b> -<b>dis</b>
rhetorica,Cardoso,<b>rhetorica</b> <b>orum</b>
robur,Cardoso,<b>Robur</b> <b>oris</b>
rogatio,Cardoso,<b>Rogatio</b> <b>nis</b>
rota,Cardoso,<b>Rota</b> -<b>ae</b>
robigo,Cardoso,<b>Rubigo</b> <b>nis</b>
rubrica,Cardoso,<b>Rubrica</b> -<b>ae</b>
rugo,Cardoso,<b>Rugo</b> -<b>as</b>
sabina,Cardoso,<b>Sabina</b> -<b>ae</b>
sacrificus,Cardoso,<b>Sacrificus</b> -<b>a</b> <b>um</b>
saepe,Cardoso,<b>Saepe</b> <br> <small>aduerb. temporis.</small>   <p> <b>1</b> &ensp; muitas vezes </p>
saepe,Cardoso,<b>Saepius</b> <br> <small>aduerb.</small>   <p> <b>1</b> &ensp; mais vezes </p>
saeuus,Cardoso,<b>Saeuus</b>
salio,Cardoso,<b>Salio</b> <b>is</b>
saltem,Cardoso,<b>Saltim</b> <br> <small>aduerb.</small>
sampsycus,Cardoso,<b>sampsucus</b> <b>i</b>
saperda,Cardoso,<b>Saperda</b> -<b>ae</b>
sarcophagus,Cardoso,<b>Sarcophagus</b> <b>i</b>
satura,Cardoso,<b>satyra</b> -<b>ae</b>
scamillum,Cardoso,<b>Scamillum</b> <b>i</b>
scamnum,Cardoso,<b>Scamnum</b> <b>i</b>
scaphium,Cardoso,<b>Scaphium</b> <b>ij</b>
scapus,Cardoso,<b>Scapus</b> <b>i</b>
scilicet,Cardoso,<b>Scilicet</b>
scio,Cardoso,<b>Scio</b> <b>is</b>   <p> <b>1</b> &ensp; saber </p>
scipio,Cardoso,<b>Scipio</b> <b>onis</b>
scobis,Cardoso,<b>Scobs</b> -<b>bis</b>
scobis,Cardoso,<b>Scobs</b> <b>is</b>
scorpio,Cardoso,<b>Scorpio</b> <b>onis</b>
scribo,Cardoso,<b>Scribo</b> <b>is</b>   <p> <b>1</b> &ensp; escreuer </p>
scriptor,Cardoso,<b>Scriptor</b> <b>oris</b>
scripulum,Cardoso,<b>scrupulum</b> <b>i</b>
sed,Cardoso,<b>Sed</b> <br> <small>coniunctio.</small>   <p> <b>1</b> &ensp; porem </p>
selectus,Cardoso,<b>Selectus</b> -<b>a</b> <b>um</b>
semifer,Cardoso,<b>Semifer</b> -<b>a</b> <b>um</b>
semper,Cardoso,<b>Semper</b> <br> <small>aduerb.</small>   <p> <b>1</b> &ensp; sempre </p>
senatus,Cardoso,<b>Senatus</b> <b>us</b>   <p> <b>1</b> &ensp; ho senado. ou rolação </p>
septunx,Cardoso,<b>Septunx</b> -<b>cis</b>
sequor,Cardoso,<b>Sequor</b> -<b>eris</b>   <p> <b>1</b> &ensp; seguir </p>
secutor,Cardoso,<b>Sequutor</b> <b>oris</b>
serra,Cardoso,<b>Serra</b> -<b>ae</b>
serta,Cardoso,<b>Serta</b>
sescentesimus,Cardoso,<b>Sexcentessimus</b> -<b>a</b> <b>um</b>
sextantarius,Cardoso,<b>Sextantarius</b> -<b>a</b> <b>um</b>
sextilis,Cardoso,<b>Sextilis</b> -<b>e</b>
sexus,Cardoso,<b>Sexus</b> <b>i</b>
si,Cardoso,<b>Si</b> <br> <small>coniunctio</small>   <p> <b>1</b> &ensp; se </p>
si,Cardoso,<b>Si</b>
sibilator,Cardoso,<b>sibilator</b> <b>oris</b>
sic,Cardoso,<b>Sic</b> <br> <small>aduerb.</small>   <p> <b>1</b> &ensp; assi <br> <b>2</b> &ensp; <small>affirmantis.</small> &ensp; si </p>
sicut,Cardoso,<b>sicuti</b>
sigillum,Cardoso,<b>Sigillum</b> <b>i</b>
signum,Cardoso,<b>Signum</b> <b>i</b>
signum,Cardoso,<b>Signum</b> <b>i</b>
sindon,Cardoso,<b>Sindon</b> <b>onis</b>
sine,Cardoso,<b>Sine</b> <br> <small>praepositio.</small>   <p> <b>1</b> &ensp; sem </p>
sinus,Cardoso,<b>Sinus</b> <b>us</b>
sinus,Cardoso,<b>Sinus</b> <b>us</b>
siquis,Cardoso,<b>Siquid</b> <br> <small>substantiuum</small>
siren,Cardoso,<b>Siren</b> -<b>enis</b>
sis,Cardoso,<b>Sis</b> <b>ios</b>
sisto,Cardoso,<b>Sisto</b> <b>is</b> <b>steti</b> <b>statum</b>
situs,Cardoso,<b>Situs</b> <b>us</b>
smegma,Cardoso,<b>smegma</b> <b>tis</b>
soccus,Cardoso,<b>Soccus</b> <b>i</b>
solium,Cardoso,<b>Solium</b> <b>ij</b>
soporo,Cardoso,<b>Soporo</b> -<b>as</b>
spadix,Cardoso,<b>Spadix</b> <b>icis</b>
spado,Cardoso,<b>Spado</b> <b>onis</b>
sparsus,Cardoso,<b>Sparsus</b> <b>us</b>
spatalium,Cardoso,<b>Spathalium</b> <b>ij</b>
spico,Cardoso,<b>Spico</b> -<b>as</b>
spiculum,Cardoso,<b>Spiculum</b> <b>i</b>
spina,Cardoso,<b>Spina</b> -<b>ae</b>
stacta,Cardoso,<b>Stacte</b> -<b>es</b>
stadium,Cardoso,<b>Stadium</b> <b>ij</b>
stator,Cardoso,<b>Stator</b> <b>oris</b>
status,Cardoso,<b>Status</b> <b>us</b>
sterno,Cardoso,<b>Sterno</b> <b>is</b>
stillicidium,Cardoso,<b>Stillicidium</b> <b>ij</b>
stinguo,Cardoso,<b>stinguo</b> <b>is</b> <b>inxi</b>
stips,Cardoso,<b>stipis</b> <b>pis</b>
stiria,Cardoso,<b>Stiria</b> -<b>ae</b>
sto,Cardoso,<b>Sto</b> -<b>as</b>
strator,Cardoso,<b>Strator</b> <b>oris</b>
strigilis,Cardoso,<b>Strigilis</b> <b>is</b>
strigilis,Cardoso,<b>Strigilis</b> <b>is</b>
strobilus,Cardoso,<b>Strobilus</b> <b>i</b>
stromata,Cardoso,<b>Stromata</b> <b>um</b>
structor,Cardoso,<b>Structor</b> <b>oris</b>
stilus,Cardoso,<b>Stylus</b> <b>i</b>
styrax,Cardoso,<b>Styrax</b> -<b>acis</b>
sauiatio,Cardoso,<b>suauiatio</b> <b>onis</b>
sauio,Cardoso,<b>suauio</b> -<b>as</b>
sauium,Cardoso,<b>suauium</b> <b>ij</b>
subagito,Cardoso,<b>Subagito</b> -<b>as</b>
subinde,Cardoso,<b>Subinde</b> <br> <small>coniunctio.</small>
subluco,Cardoso,<b>Subluco</b> -<b>as</b>
substantia,Cardoso,<b>Substantia</b> -<b>ae</b>
subtercutaneus,Cardoso,<b>subtercutaneus</b>
sufficio,Cardoso,<b>Sufficio</b> <b>is</b>
suffusio,Cardoso,<b>Suffusio</b> <b>onis</b>
suggillatio,Cardoso,<b>Suggillatio</b> <b>onis</b>
sum,Cardoso,<b>Sum</b> -<b>es</b> <b>fui</b>   <p> <b>1</b> &ensp; ser. ou estar. ou têr. ou estimar. ou auer mister </p>
sumen,Cardoso,<b>Sumen</b> <b>inis</b>
super2,Cardoso,<b>Super</b>
supero,Cardoso,<b>Supero</b> -<b>as</b> -<b>aui</b>
superstitiosus,Cardoso,<b>Superstitiosus</b> -<b>a</b> <b>um</b>
super,Cardoso,<b>Superus</b> -<b>a</b> <b>um</b>   <p> <b>1</b> &ensp; cousa de cima </p>
supinus,Cardoso,<b>Supinus</b> -<b>a</b> <b>um</b>
supparus,Cardoso,<b>Supparus</b> <b>i</b>
suspirium,Cardoso,<b>Suspirium</b> <b>ij</b>
suus,Cardoso,<b>Suus</b> -<b>a</b> <b>um</b>   <p> <b>1</b> &ensp; cousa sua. ou propria </p>
symbolum,Cardoso,<b>Symbolum</b> <b>i</b>
synthesis,Cardoso,<b>Synthesis</b> <b>is</b>
syrma,Cardoso,<b>Syrma</b> -<b>atos</b>
tam,Cardoso,<b>Tam</b> <br> <small>coniunctio.</small>   <p> <b>1</b> &ensp; tanto </p>
tamen,Cardoso,<b>Tamen</b> <br> <small>dictio aduersatiua.</small>   <p> <b>1</b> &ensp; com tudo </p>
tantus,Cardoso,<b>Tantus</b> -<b>a</b> <b>um</b>   <p> <b>1</b> &ensp; cousa tanta. ou tã grãde </p>
taura,Cardoso,<b>Taurea</b> -<b>eae</b>
taxillus,Cardoso,<b>Taxillus</b> <b>i</b>
tu,Cardoso,<b>Tecum</b> <br> <small>aduerb.</small>   <p> <b>1</b> &ensp; contigo </p>
telamon,Cardoso,<b>Telamon</b> <b>onis</b>
tempus,Cardoso,<b>Tempus</b> <b>oris</b>   <p> <b>1</b> &ensp; ho tempo </p>
tendo,Cardoso,<b>Tendo</b> <b>is</b>
teneo,Cardoso,<b>Teneo</b> -<b>es</b>   <p> <b>1</b> &ensp; ter. ou possuir. ou entẽder </p>
ter,Cardoso,<b>Ter</b>
ternio,Cardoso,<b>Ternio</b> <b>onis</b>
terra,Cardoso,<b>Terra</b> -<b>ae</b>   <p> <b>1</b> &ensp; a terra </p>
tessera,Cardoso,<b>Tessera</b> -<b>ae</b>
togatus,Cardoso,<b>Togatus</b> -<b>a</b> <b>um</b>
tollo,Cardoso,<b>Tollo</b> <b>is</b>
tomentum,Cardoso,<b>Tomentum</b> <b>i</b>
tomix,Cardoso,<b>Tomix</b> <b>icis</b>
tonsilla,Cardoso,<b>Tonsilla</b> -<b>ae</b>
tonus,Cardoso,<b>Tonus</b> <b>i</b>
topiarius,Cardoso,<b>Topiarius</b> -<b>a</b> <b>um</b>
toral,Cardoso,<b>torale</b> -<b>alis</b>
tormentum,Cardoso,<b>Tormentum</b> <b>i</b>
torques,Cardoso,<b>torques</b>
totus,Cardoso,<b>Totus</b> -<b>a</b> <b>um</b>   <p> <b>1</b> &ensp; todo. ou toda </p>
transenna,Cardoso,<b>transenna</b> -<b>ae</b>
thrips,Cardoso,<b>trips</b>
tropaeum,Cardoso,<b>trophaeum</b> <b>i</b>
truncus,Cardoso,<b>Truncus</b> <b>i</b>
tu,Cardoso,<b>Tu</b> <br> <small>pronomen.</small>   <p> <b>1</b> &ensp; tu </p>
tum,Cardoso,<b>Tum</b> <br> <small>aduerb.</small>   <p> <b>1</b> &ensp; entonces </p>
tumultuarius,Cardoso,<b>Tumultuarius</b> -<b>a</b> <b>um</b>
tympanum,Cardoso,<b>Tympanum</b> <b>i</b>
tympanum,Cardoso,<b>Tympanum</b> <b>i</b>
tympanum,Cardoso,<b>Tympanum</b> <b>i</b>
uomer,Cardoso,<b>uomis</b> <b>uomeris</b>
uaco,Cardoso,<b>Vaco</b> -<b>as</b>
uaco,Cardoso,<b>Vaco</b> -<b>as</b>
uadum,Cardoso,<b>Vadum</b> <b>i</b>
uagio,Cardoso,<b>Vagio</b> <b>is</b>
uappa,Cardoso,<b>Vappa</b> -<b>ae</b>
uarius,Cardoso,<b>Varius</b> -<b>a</b> <b>um</b>
uarus2,Cardoso,<b>Varus</b> <b>i</b>
uates,Cardoso,<b>Vates</b> <b>is</b>
ubi,Cardoso,<b>Vbi</b>   <p> <b>1</b> &ensp; onde. ou tanto que. ou quando </p>
uel,Cardoso,<b>Vel</b> <br> <small>aduer.</small>   <p> <b>1</b> &ensp; ou </p>   <p><small>[EXEMPLOS]</small><br> <br><b>1</b><br>uel ego <br> uel tu </p>
uel,Cardoso,<b>Vel</b>
uelabrum,Cardoso,<b>Velabrum</b> <b>i</b>
uelut,Cardoso,<b>veluti</b> <br> <small>cõiunctio.</small>
uenenum,Cardoso,<b>Venenum</b> <b>i</b>
uenio,Cardoso,<b>Venio</b> <b>is</b> <b>ueni</b> <b>uentum</b>   <p> <b>1</b> &ensp; vir. ou ir </p>
uentriculus,Cardoso,<b>Ventriculus</b> <b>i</b>
Uenus,Cardoso,<b>Venus</b> -<b>eris</b>
uerbum,Cardoso,<b>Verbum</b> <b>i</b>   <p> <b>1</b> &ensp; a palaura </p>
uero,Cardoso,<b>Vero</b> <br> <small>coniunctio.</small>   <p> <b>1</b> &ensp; porem </p>
uerpus,Cardoso,<b>Verpus</b> <b>i</b>
uertex,Cardoso,<b>Vertex</b> <b>icis</b>
uertex,Cardoso,<b>Vertex</b> <b>icis</b>
uescus,Cardoso,<b>Vescus</b> -<b>a</b> <b>um</b>
uester,Cardoso,<b>Vester</b> -<b>a</b> <b>um</b>   <p> <b>1</b> &ensp; cousa vosa </p>
uideo,Cardoso,<b>Video</b> -<b>es</b> -<b>di</b> <b>sum</b>   <p> <b>1</b> &ensp; ver </p>
uinco,Cardoso,<b>Vinco</b> <b>is</b>   <p> <b>1</b> &ensp; vencer. ou ganhar em ho iogo </p>
uindico,Cardoso,<b>vindico</b>
uir,Cardoso,<b>Vir</b> <b>uiri</b>   <p> <b>1</b> &ensp; ho varão </p>
uir,Cardoso,<b>Vir</b> <b>viri</b>
uirtus,Cardoso,<b>Virtus</b> <b>virtutis</b>   <p> <b>1</b> &ensp; a virtude. ou valẽtia </p>
uis,Cardoso,<b>Vis</b> <b>vim</b>   <p> <b>1</b> &ensp; força </p>
uita,Cardoso,<b>Vita</b> -<b>ae</b>   <p> <b>1</b> &ensp; a vida </p>
uitilitigator,Cardoso,<b>Vitiligator</b> <b>oris</b>
uiuo,Cardoso,<b>Viuo</b> <b>is</b> <b>vixi</b> <b>victum</b>   <p> <b>1</b> &ensp; viuer </p>
uiuo,Cardoso,<b>Vixerunt</b>   <p> <b>1</b> &ensp; <small>Isto diremos aos defuntos como disse Cicero pelos esconjurados que elle enforcou.</small> </p>
ullus,Cardoso,<b>Vllus</b> -<b>a</b> <b>um</b>   <p> <b>1</b> &ensp; algum </p>
ulna,Cardoso,<b>Vlna</b> -<b>ae</b>
undequadragesimus,Cardoso,<b>Vndequadragesimus</b> -<b>a</b> <b>um</b>
undequadragiens,Cardoso,<b>Vndequadragies</b> <br> <small>aduer.</small>
undeseptuagies,Cardoso,<b>Vndeseptuagies</b> <br> <small>aduer.</small>
undesexagies,Cardoso,<b>Vndesexagies</b> <br> <small>aduer.</small>
undetricies,Cardoso,<b>Vndetricies</b> <br> <small>aduer.</small>
undeuicies,Cardoso,<b>Vndeuicies</b> <br> <small>aduer.</small>
unicornis,Cardoso,<b>Vnicornis</b> <b>is</b>
unus,Cardoso,<b>Vnus</b> -<b>a</b> <b>um</b>   <p> <b>1</b> &ensp; hum soo. ou primeyro </p>
uos,Cardoso,<b>Vobiscum</b> <br> <small>aduer.</small>   <p> <b>1</b> &ensp; cõ vosoutros </p>
uoco,Cardoso,<b>Voco</b> -<b>as</b>   <p> <b>1</b> &ensp; chamar </p>
uolo,Cardoso,<b>Volo</b> <b>uis</b> <b>uolui</b> <b>uolitum</b>   <p> <b>1</b> &ensp; querer </p>
uox,Cardoso,<b>Vox</b> <b>ocis</b>   <p> <b>1</b> &ensp; a voz </p>
urbs,Cardoso,<b>Vrbs</b> <b>is</b>   <p> <b>1</b> &ensp; a cidade </p>
usurarius,Cardoso,<b>Vsurarius</b> <b>ij</b>
usurarius,Cardoso,<b>Vsurarius</b> <b>ij</b>
ut,Cardoso,<b>Vt</b> <br> <small>coniunctio.</small>   <p> <b>1</b> &ensp; pera que </p>
ut2,Cardoso,<b>Vti</b> <br> <small>particula.</small>   <p> <b>1</b> &ensp; assi como </p>
uulua,Cardoso,<b>Vulua</b> -<b>ae</b>
