lemma,lila_id,wr,phon
ab,lilaLemma:86824,a,ā
ab,lilaLemma:86824,absque,absquĕ
accipio,lilaLemma:87119,accepi,accēpī
accipio,lilaLemma:87119,accipio,accĭpĭō
accipio,lilaLemma:87119,accipis,accĭpis
accipio,lilaLemma:87119,accipere,accĭpĕre
accipio,lilaLemma:87119,accepi,accēpī
ago,lilaLemma:88140,egi,ēgī
ago,lilaLemma:88140,ago,ăgō
ago,lilaLemma:88140,ago,ăgō
ago,lilaLemma:88140,agis,ăgis
ago,lilaLemma:88140,agere,ăgĕre
ago,lilaLemma:88140,egi,ēgī
aliquis,lilaLemma:91108,aliquis,ălĭquis
aliquis,lilaLemma:91108,aliqua,ălĭquă
aliquis,lilaLemma:91108,aliquid,ălĭquĭd
alius,lilaLemma:88481,alius,ălĭus
alius,lilaLemma:88481,alia,ălĭa
alius,lilaLemma:88481,aliud,ălĭud
alter,lilaLemma:88457,alter,altĕr
alter,lilaLemma:88457,altera,altĕra
alter,lilaLemma:88457,alterum,altĕrum
amicus,lilaLemma:88684,amicus,ămīcus
amicus,lilaLemma:88684,amici,ămīcī
an,lilaLemma:88828,anne,annĕ
animus,lilaLemma:89094,animus,ănĭmus
animus,lilaLemma:89094,animi,ănĭmī
annus,lilaLemma:89129,anni,annī
apud,lilaLemma:89686,apud,ăpŭd
arma,lilaLemma:89998,armorum,armōrum
at,lilaLemma:87415,at,ăt
atque,lilaLemma:90490,atque,atquĕ
audio,lilaLemma:90641,audio,audĭō
audio,lilaLemma:90641,audis,audīs
audio,lilaLemma:90641,audire,audīre
audio,lilaLemma:90641,audivi,audīvī
audio,lilaLemma:90641,auditum,audītum
bellum,lilaLemma:91461,duelli,duellī
bellum,lilaLemma:91461,belli,bellī
bene,lilaLemma:91473,bene,bĕnĕ
bene,lilaLemma:91473,melius,mĕlĭus
bene,lilaLemma:91473,optime,optĭmē
bonum,lilaLemma:91351,bonum,bŏnum
bonum,lilaLemma:91351,boni,bŏnī
bonus,lilaLemma:91782,bonus,bŏnus
bonus,lilaLemma:91782,bona,bŏna
bonus,lilaLemma:91782,bonum,bŏnum
bonus,lilaLemma:91782,melior,melĭor
bonus,lilaLemma:91782,optimus,optĭmus
Caesar,lilaLemma:1947,Caesar,Caesăr
Caesar,lilaLemma:1947,Caesaris,Caesăris
capio,lilaLemma:92686,cepi,cēpī
capio,lilaLemma:92686,capio,căpĭō
capio,lilaLemma:92686,capis,căpis
capio,lilaLemma:92686,capere,căpĕre
capio,lilaLemma:92686,cepi,cēpī
castra,lilaLemma:138599,castrorum,castrōrum
causa,lilaLemma:93253,causa,causā
ceterus,lilaLemma:93624,ceterus,cētĕrus
ceterus,lilaLemma:93624,cetera,cētĕra
ceterus,lilaLemma:93624,ceterum,cētĕrum
ciuis,lilaLemma:94399,civis,cīvis
ciuis,lilaLemma:94399,civis,cīvis
ciuitas,lilaLemma:94400,civitas,cīvĭtās
ciuitas,lilaLemma:94400,civitatis,cīvĭtātis
cognosco,lilaLemma:94738,cognosco,cognoscō
cognosco,lilaLemma:94738,cognoscere,cognoscĕre
cognosco,lilaLemma:94738,cognovi,cognōvī
cognosco,lilaLemma:94738,cognitum,cognĭtum
consilium,lilaLemma:96060,consilium,consĭlĭum
consilium,lilaLemma:96060,consilii,consĭlĭī
consul,lilaLemma:96181,consul,consŭl
consul,lilaLemma:96181,consulis,consŭlis
corpus,lilaLemma:96667,corporis,corpŏris
credo,lilaLemma:96881,credidi,crēdĭdī
credo,lilaLemma:96881,credo,crēdō
credo,lilaLemma:96881,credis,crēdis
credo,lilaLemma:96881,credere,crēdĕre
credo,lilaLemma:96881,credidi,crēdĭdī
credo,lilaLemma:96881,creditum,crēdĭtum
cum,lilaLemma:97202,quom,quŏm
de,lilaLemma:97932,de,dē
debeo,lilaLemma:97963,debeo,dēbĕō
debeo,lilaLemma:97963,debes,dēbēs
debeo,lilaLemma:97963,debere,dēbēre
debeo,lilaLemma:97963,debui,dēbŭī
debeo,lilaLemma:97963,debitum,dēbĭtum
debeo,lilaLemma:97963,debui,dēbŭī
deinde,lilaLemma:98386,dein,dĕin
deinde,lilaLemma:98386,deinde,dĕinde
deus,lilaLemma:99132,deus,dĕus
deus,lilaLemma:99132,dei,dĕī
dico,lilaLemma:99302,dic,dīc
dico,lilaLemma:99302,dico,dīcō
dico,lilaLemma:99302,dico,dīcō
dico,lilaLemma:99302,dicis,dīcis
dico,lilaLemma:99302,dicere,dīcĕre
dico,lilaLemma:99302,dixi,dixī
dico,lilaLemma:99302,dixi,dixī
dies,lilaLemma:99334,dies,dĭēs
dies,lilaLemma:99334,diei,dĭeī
do,lilaLemma:99970,dedi,dĕdī
do,lilaLemma:99970,da,dā
do,lilaLemma:99970,do,dō
do,lilaLemma:99970,das,dās
do,lilaLemma:99970,dare,dăre
do,lilaLemma:99970,dedi,dĕdī
do,lilaLemma:99970,datum,dătum
dominus,lilaLemma:98084,dominus,dŏmĭnus
dominus,lilaLemma:98084,domini,dŏmĭnī
domus,lilaLemma:100071,domus,dŏmŭs
domus,lilaLemma:100071,domus,dŏmūs
duo,lilaLemma:100246,duo,dŭŏ
duo,lilaLemma:100246,duae,dŭae
duo,lilaLemma:100246,duo,dŭŏ
ego,lilaLemma:100712,mihi,mĭhi
ego,lilaLemma:100712,mihimet,mĭhimĕt
ego,lilaLemma:100712,me,mē
ego,lilaLemma:100712,mecum,mēcum
ego,lilaLemma:100712,memet,mēmĕt
ego,lilaLemma:100712,ego,ĕgŏ
ego,lilaLemma:100712,me,mē
ego,lilaLemma:100712,mei,mĕi
ego,lilaLemma:100712,mihi,mĭhi
ego,lilaLemma:100712,me,mē
ego,lilaLemma:100712,egomet,ĕgŏmĕt
ego,lilaLemma:100712,mihimet,mĭhimĕt
ego,lilaLemma:100712,memet,mēmĕt
enim,lilaLemma:101119,enim,ĕnim
enim,lilaLemma:101119,enim,ĕnim
eo,lilaLemma:101183,eo,ĕō
eo,lilaLemma:101183,is,īs
eo,lilaLemma:101183,ire,īre
eo,lilaLemma:101183,ii,ĭī
eo,lilaLemma:101183,itum,ītum
eo,lilaLemma:101183,eam,ĕam
eo,lilaLemma:101183,i,ī
eo,lilaLemma:101183,ibo,ībo
eo,lilaLemma:101183,itum,ĭtum
eo,lilaLemma:101183,ire,īrĕ
eo,lilaLemma:101183,iri,īrī
eo,lilaLemma:101183,itur,ītur
ergo,lilaLemma:101415,ergo,ergō
et,lilaLemma:101542,et,ĕt
et2,lilaLemma:101541,et,ĕt
etiam,lilaLemma:101554,etiam,ĕtĭam
ex,lilaLemma:101716,e,ē
exercitus,lilaLemma:101960,exercitus,exercĭtŭs
exercitus,lilaLemma:101960,exercitus,exercĭtūs
facio,lilaLemma:102758,facio,făcĭō
facio,lilaLemma:102758,facio,făcĭō
facio,lilaLemma:102758,facis,făcis
facio,lilaLemma:102758,facere,făcĕre
facio,lilaLemma:102758,feci,fēcī
facio,lilaLemma:102758,feci,fēcī
facio,lilaLemma:102758,facis,făcis
fero,lilaLemma:103126,tuli,tŭlī
fero,lilaLemma:103126,fer,fĕr
fero,lilaLemma:103126,fero,fĕrō
fero,lilaLemma:103126,tuli,tŭlī
fero,lilaLemma:103126,latum,lātum
fides,lilaLemma:103260,fides,fĭdēs
fides,lilaLemma:103260,fides,fĭdēs
fides,lilaLemma:103260,fidei,fĭdĕī
filius,lilaLemma:103307,filius,fīlĭus
filius,lilaLemma:103307,filii,fīlĭī
fio,lilaLemma:103328,fio,fīō
fio,lilaLemma:103328,fis,fīs
fio,lilaLemma:103328,fieri,fĭĕrī
fortuna,lilaLemma:103696,fortuna,fortūna
fortuna,lilaLemma:103696,fortunae,fortūnae
genus,lilaLemma:104504,genus,gĕnŭs
genus,lilaLemma:104504,generis,gĕnĕris
gero,lilaLemma:104536,gero,gĕrō
gero,lilaLemma:104536,geris,gĕris
gero,lilaLemma:104536,gerere,gĕrĕre
gero,lilaLemma:104536,gessi,gessī
gero,lilaLemma:104536,gessi,gessī
grauis,lilaLemma:104903,gravis,gravis
grauis,lilaLemma:104903,grave,grave
habeo,lilaLemma:105044,habeo,hăbĕō
habeo,lilaLemma:105044,habes,hăbēs
habeo,lilaLemma:105044,habere,hăbēre
habeo,lilaLemma:105044,habui,hăbŭī
habeo,lilaLemma:105044,habitum,hăbĭtum
hic,lilaLemma:105455,hac,hāc
hic,lilaLemma:105455,hoc,hōc
hic,lilaLemma:105455,hice,hicĕ
hic,lilaLemma:105455,haece,haecĕ
hic,lilaLemma:105455,hoce,hōcĕ
hinc,lilaLemma:105454,huc,hūc
homo,lilaLemma:105624,homo,hŏmō
homo,lilaLemma:105624,hominis,hŏmĭnis
iam,lilaLemma:106025,jam,jăm
idem,lilaLemma:109082,eadem,ĕădem
idem,lilaLemma:109082,eadem,ĕădem
idem,lilaLemma:109082,idem,īdem
idem,lilaLemma:109082,eadem,ĕădem
idem,lilaLemma:109082,idem,ĭdem
igitur,lilaLemma:106127,igitur,ĭgĭtŭr
ille,lilaLemma:106221,illa,illă
ille,lilaLemma:106221,ille,illĕ
ille,lilaLemma:106221,illa,illă
ille,lilaLemma:106221,illud,illŭd
ille,lilaLemma:106221,illi,illī
ille,lilaLemma:106221,illi,illī
ille,lilaLemma:106221,illic,illĭc
imperium,lilaLemma:106532,imperium,impĕrĭum
imperium,lilaLemma:106532,imperii,impĕrĭī
in,lilaLemma:106748,in,ĭn
in,lilaLemma:106748,in,ĭn
in,lilaLemma:106748,in,ĭn
in,lilaLemma:106748,inque,inquĕ
inquam,lilaLemma:108033,inquam,inquăm
inquam,lilaLemma:108033,inquis,inquĭs
inter,lilaLemma:108392,inter,intĕr
ipse,lilaLemma:108945,ipse,ipsĕ
is,lilaLemma:109083,ea,ĕă
is,lilaLemma:109083,ea,ĕă
is,lilaLemma:109083,ei,ĕī
is,lilaLemma:109083,ei,ĕī
is,lilaLemma:109083,eam,ĕam
is,lilaLemma:109083,ejus,ējus
is,lilaLemma:109083,id,ĭd
is,lilaLemma:109083,is,ĭs
is,lilaLemma:109083,ea,ĕă
is,lilaLemma:109083,id,ĭd
iste,lilaLemma:109122,iste,istĕ
iste,lilaLemma:109122,ista,istă
iste,lilaLemma:109122,istud,istŭd
iste,lilaLemma:109122,isti c,istĭ c
ita,lilaLemma:109126,ita,ĭtă
ita,lilaLemma:109126,itane,ĭtănĕ
itaque,lilaLemma:109129,itaque,ĭtăquĕ
itaque,lilaLemma:109129,itaque,ĭtăquĕ
iubeo,lilaLemma:109152,jubeo,jŭbĕō
iubeo,lilaLemma:109152,jubes,jŭbēs
iubeo,lilaLemma:109152,jubere,jŭbēre
iubeo,lilaLemma:109152,jussi,jussī
iubeo,lilaLemma:109152,jussi,jussī
iudex,lilaLemma:109161,judex,jūdex
iudex,lilaLemma:109161,judicis,jūdĭcis
iudicium,lilaLemma:109170,judicium,jūdĭcĭum
iudicium,lilaLemma:109170,judicii,jūdĭcĭī
ius,lilaLemma:109252,juris consulti,juris consultī
ius,lilaLemma:109252,jus jurandum,jus jūrandum
ius,lilaLemma:109252,jus jurandi,jus jūrandī
ius,lilaLemma:109252,jus,jūs
ius,lilaLemma:109252,juris,jūris
legio,lilaLemma:110166,legio,lĕgĭō
legio,lilaLemma:110166,legionis,lĕgĭōnis
lex,lilaLemma:110351,legis,lēgis
licet,lilaLemma:110432,licet,lĭcĕt
licet,lilaLemma:110432,licet,lĭcĕt
licet,lilaLemma:110432,licere,lĭcēre
licet,lilaLemma:110432,licuit,lĭcŭit
licet,lilaLemma:110432,licitum est,lĭcĭtum est
licet,lilaLemma:110432,licuit,lĭcŭit
locus,lilaLemma:110019,locus,lŏcus
locus,lilaLemma:110019,locus,lŏcus
locus,lilaLemma:110019,loci,lŏcī
magis,lilaLemma:111271,magis,măgĭs
manus,lilaLemma:111585,manus,mănŭs
manus,lilaLemma:111585,manus,mănūs
meus,lilaLemma:112262,meus,mĕus
meus,lilaLemma:112262,mea,mĕa
meus,lilaLemma:112262,meum,mĕum
miles,lilaLemma:112318,miles,mīlĕs
miles,lilaLemma:112318,militis,mīlĭtis
mitto,lilaLemma:112499,misi,mīsī
mitto,lilaLemma:112499,mitto,mittō
mitto,lilaLemma:112499,mittere,mittĕre
mitto,lilaLemma:112499,misi,mīsī
modo,lilaLemma:113289,modo,mŏdŏ
modus,lilaLemma:112553,modus,mŏdus
modus,lilaLemma:112553,modi,mŏdī
mos,lilaLemma:112831,mos,mōs
mos,lilaLemma:112831,moris,mōris
natura,lilaLemma:113421,natura,nātūra
natura,lilaLemma:113421,naturae,nātūrae
ne3,lilaLemma:113490,ne,nē
ne3,lilaLemma:113490,ne,nĕ
ne3,lilaLemma:113490,ne,nē
ne,lilaLemma:113491,ne,nē
nec,lilaLemma:113512,nec,nĕc
neque,lilaLemma:114120,neque,nĕquĕ
nihil,lilaLemma:114071,nihil,nĭhĭl
nihil,lilaLemma:114071,nihilum,nĭhĭlum
nihil,lilaLemma:114071,nihili,nĭhĭlī
nihil,lilaLemma:114071,nil,nīl
nisi,lilaLemma:113704,nisi,nĭsĭ
nomen,lilaLemma:113797,nomen,nōmĕn
nomen,lilaLemma:113797,nominis,nōmĭnis
nomen,lilaLemma:113797,nomine,nōmĭne
non,lilaLemma:114108,non,nōn
nos,lilaIpoLemma:110487,nos,nōs
nos,lilaIpoLemma:110487,nosmet,nosmĕt
noster,lilaLemma:113882,noster,nostĕr
nouus,lilaLemma:113900,novus,novus
nouus,lilaLemma:113900,nova,nova
nouus,lilaLemma:113900,novum,novum
parum,lilaLemma:116130,parum,părŭm
pater,lilaLemma:116203,pater,pătĕr
pater,lilaLemma:116203,patris,pătris
pecunia,lilaLemma:116369,pecunia,pĕcūnĭa
pecunia,lilaLemma:116369,pecuniae,pĕcūnĭae
per,lilaLemma:116569,per,pĕr
periculum,lilaLemma:116930,periculum,pĕrīcŭlum
periculum,lilaLemma:116930,periculi,pĕrīcŭlī
peto,lilaLemma:117549,petii,petīī
peto,lilaLemma:117549,petivi,petīvī
peto,lilaLemma:117549,peto,pĕtō
peto,lilaLemma:117549,peto,pĕtō
peto,lilaLemma:117549,petis,pĕtis
peto,lilaLemma:117549,petere,pĕtĕre
peto,lilaLemma:117549,petii,petīī
peto,lilaLemma:117549,petitum,petītum
pono,lilaLemma:118414,pono,pōnō
pono,lilaLemma:118414,pono,pōnō
pono,lilaLemma:118414,ponis,pōnis
pono,lilaLemma:118414,ponere,pōnĕre
pono,lilaLemma:118414,posui,pŏsŭī
pono,lilaLemma:118414,positum,pŏsĭtum
pono,lilaLemma:118414,posivi,pŏsīvī
pono,lilaLemma:118414,posui,pŏsŭī
populus,lilaLemma:118463,populus,pŏpŭlus
populus,lilaLemma:118463,populi,pŏpŭlī
possum,lilaLemma:118569,potui,pŏtŭī
possum,lilaLemma:118569,potui,pŏtŭī
primum,lilaIpoLemma:35374,primo,prīmō
primum,lilaIpoLemma:35374,primum,prīmum
primus,lilaLemma:119498,primus,prīmus
primus,lilaLemma:119498,prima,prīma
primus,lilaLemma:119498,primum,prīmum
pro,lilaLemma:118468,pro,prō
publicus,lilaLemma:120358,publicus,pūblĭcus
publicus,lilaLemma:120358,publica,pūblĭca
publicus,lilaLemma:120358,publicum,pūblĭcum
puto,lilaLemma:120610,puto,pŭtō
puto,lilaLemma:120610,putas,pŭtās
puto,lilaLemma:120610,putare,pŭtāre
puto,lilaLemma:120610,putavi,pŭtāvī
puto,lilaLemma:120610,putatum,pŭtātum
qua,lilaIpoLemma:110471,qua,quā
qua,lilaIpoLemma:110471,qua,quā
qua,lilaIpoLemma:110471,quo,quō
qua,lilaIpoLemma:110471,quo,quō
qua,lilaIpoLemma:110471,quo,quō
qua,lilaIpoLemma:110471,qui,quī
qua,lilaIpoLemma:110471,qui,quī
qua2,lilaIpoLemma:110467,quoque,quōquĕ
qua2,lilaIpoLemma:110467,quoque,quŏquĕ
quaero,lilaLemma:121047,quaero,quaerō
quaero,lilaLemma:121047,quaerere,quaerĕre
quaero,lilaLemma:121047,quaesii,quaesĭī
quaero,lilaLemma:121047,quaesitum,quaesītum
quaero,lilaLemma:121047,quaesivi,quaesīvī
qui,lilaLemma:121354,quocum,quōcum
qui,lilaLemma:121354,quoi,quoī
qui,lilaLemma:121354,qui,quī
qui,lilaLemma:121354,quod,quŏd
qui,lilaLemma:121354,qui,quī
qui,lilaLemma:121354,cui,cuī
quia,lilaLemma:121166,quia,quĭă
quidam,lilaLemma:121313,quidam,quīdam
quidam,lilaLemma:121313,quidam,quīdam
quidem,lilaLemma:121168,quidem,quĭdem
quis,lilaLemma:121165,quis,quĭs
quis,lilaLemma:121165,quid,quĭd
quis,lilaLemma:121165,quod,quŏd
quis,lilaLemma:121165,quisque,quisquĕ
quisquam,lilaLemma:121315,quisquam,quisquăm
quisquam,lilaLemma:121315,quaequam,quaequăm
quisquam,lilaLemma:121315,quidquam,quidquăm
quisque,lilaLemma:121320,quisque,quisquĕ
quisque,lilaLemma:121320,quaeque,quaequĕ
quisque,lilaLemma:121320,quidque,quidquĕ
quod,lilaLemma:74854,quod,quŏd
ratio,lilaLemma:121458,ratio,rătĭō
ratio,lilaLemma:121458,ratio,rătĭō
ratio,lilaLemma:121458,ratio,rătĭō
ratio,lilaLemma:121458,rationis,rătĭōnis
refero,lilaLemma:122494,refero,rĕfĕrō
refero,lilaLemma:122494,refero,rĕfĕrō
refero,lilaLemma:122494,refers,rĕfers
refero,lilaLemma:122494,referre,rĕferre
refero,lilaLemma:122494,retuli,rĕtŭlī
refero,lilaLemma:122494,relatum,rĕlātum
refero,lilaLemma:122494,retuli,rĕtŭlī
relinquo,lilaLemma:122569,relinquo,rĕlinquō
relinquo,lilaLemma:122569,relinquis,rĕlinquis
relinquo,lilaLemma:122569,relinquere,rĕlinquĕre
relinquo,lilaLemma:122569,reliqui,rĕlīquī
relinquo,lilaLemma:122569,relictum,rĕlictum
relinquo,lilaLemma:122569,reliqui,rĕlīquī
res,lilaLemma:121868,res,rēs
res,lilaLemma:121868,rei,reī
rex,lilaLemma:122013,regis,rēgis
romanus,lilaLemma:20302,Romanus,Rōmānus
romanus,lilaLemma:20302,Romana,Rōmāna
romanus,lilaLemma:20302,Romanum,Rōmānum
saepe,lilaLemma:123106,saepe,saepĕ
scio,lilaLemma:123732,scii,scĭī
scio,lilaLemma:123732,scio,scĭō
scio,lilaLemma:123732,scis,scīs
scio,lilaLemma:123732,scire,scīre
scio,lilaLemma:123732,scii,scĭī
scio,lilaLemma:123732,scitum,scītum
scio,lilaLemma:123732,scivi,scīvī
scribo,lilaLemma:123840,scribo,scrībō
scribo,lilaLemma:123840,scribis,scrībis
scribo,lilaLemma:123840,scribere,scrībĕre
scribo,lilaLemma:123840,scripsi,scrīpsī
scribo,lilaLemma:123840,scripsi,scripsī
sed,lilaLemma:123994,sed,sĕd
semper,lilaLemma:124294,semper,sempĕr
senatus,lilaLemma:124309,senatus,sĕnātŭs
senatus,lilaLemma:124309,senatus,sĕnātūs
sequor,lilaLemma:124461,sequor,sĕquor
sequor,lilaLemma:124461,sequeris,sĕquĕris
sequor,lilaLemma:124461,sequi,sĕquī
sequor,lilaLemma:124461,secutus sum,sĕcūtus sum
si,lilaLemma:124676,si,sī
si,lilaLemma:124676,sin,sīn
sic,lilaLemma:124690,sic,sīc
sine,lilaLemma:124883,sine,sĭnĕ
sui,lilaLemma:131255,sui,sŭī
sum,lilaLemma:126689,fui,fŭī
sum,lilaLemma:126689,es,ĕs
sum,lilaLemma:126689,esto,estō
super,lilaLemma:126999,superus,sŭpĕrus
super,lilaLemma:126999,supera,sŭpĕra
super,lilaLemma:126999,superum,sŭpĕrum
suus,lilaLemma:127165,suus,sŭus
suus,lilaLemma:127165,sua,sŭa
suus,lilaLemma:127165,suum,sŭum
tamen,lilaLemma:127607,tamen,tămen
tempus,lilaLemma:127522,tempus,tempŭs
tempus,lilaLemma:127522,temporis,tempŏris
teneo,lilaLemma:127822,teneo,tĕnĕō
teneo,lilaLemma:127822,tenes,tenēs
teneo,lilaLemma:127822,tenere,tenēre
teneo,lilaLemma:127822,tenui,tĕnuī
teneo,lilaLemma:127822,tenui,tenŭī
totus,lilaLemma:128484,totus,tōtus
tu,lilaLemma:129131,te,tē
tu,lilaLemma:129131,tecum,tēcum
tu,lilaLemma:129131,tete,tētĕ
tu,lilaLemma:129131,tu,tū
tu,lilaLemma:129131,te,tē
tu,lilaLemma:129131,tui,tŭī
tu,lilaLemma:129131,tibi,tĭbi
tu,lilaLemma:129131,te,tē
tu,lilaLemma:129131,tui,tŭī
tu,lilaLemma:129131,tute,tūtĕ
tu,lilaLemma:129131,tibi,tĭbi
tuus,lilaLemma:129328,tuus,tŭus
ubi,lilaLemma:129639,ubi,ŭbĭ
ubi,lilaLemma:129639,ubi,ŭbī
ubi,lilaLemma:129639,ubi,ŭbī
uel,lilaLemma:129695,vel,vĕl
uenio,lilaLemma:129790,venio,vĕnĭō
uenio,lilaLemma:129790,venis,venīs
uenio,lilaLemma:129790,venire,venīre
uenio,lilaLemma:129790,veni,vēnī
uerbum,lilaLemma:131057,verbi,verbī
uero,lilaIpoLemma:111474,vero,vērō
uero,lilaIpoLemma:111474,vero,vērō
uideo,lilaLemma:130163,video,vĭdĕō
uideo,lilaLemma:130163,vides,vidēs
uideo,lilaLemma:130163,videre,vidēre
uideo,lilaLemma:130163,vidi,vīdi
uideo,lilaLemma:130163,visum,vīsum
uideo,lilaLemma:130163,vidi,vīdi
uinco,lilaLemma:130232,vici,vīcī
uinco,lilaLemma:130232,vinco,vincō
uinco,lilaLemma:130232,vincere,vincĕre
uinco,lilaLemma:130232,vici,vīcī
uir,lilaLemma:130300,vir,vĭr
uir,lilaLemma:130300,viri,virī
uirtus,lilaLemma:130356,virtus,virtūs
uirtus,lilaLemma:130356,virtutis,virtūtis
uis,lilaLemma:130360,vis,vīs
uita,lilaLemma:130393,vita,vīta
uiuo,lilaLemma:130476,vivo,vīvō
uiuo,lilaLemma:130476,vivere,vivĕre
uiuo,lilaLemma:130476,vixi,vīxī
uiuo,lilaLemma:130476,victum,vīctum
uiuo,lilaLemma:130476,vixi,vīxī
ullus,lilaLemma:130494,ullius,ullīus
unus,lilaLemma:85636,unius,ūnīus
unus,lilaLemma:85636,unus,ūnus
unus,lilaLemma:85636,uni,unī
uoco,lilaLemma:130729,voco,vŏcō
uoco,lilaLemma:130729,vocas,vocās
uoco,lilaLemma:130729,vocare,vocāre
uoco,lilaLemma:130729,vocavi,vocāvī
uoco,lilaLemma:130729,vocatum,vocātum
uolo,lilaLemma:130745,sis,sīs
uolo,lilaLemma:130745,velim,vĕlim
uolo,lilaLemma:130745,volo,vŏlō
uolo,lilaLemma:130745,vis,vīs
uolo,lilaLemma:130745,volui,vŏlŭī
uolo,lilaLemma:130745,volui,vŏluī
uos,lilaIpoLemma:110488,vos,vōs
uos,lilaIpoLemma:110488,vestri vestrum,vestrī vestrum
uos,lilaIpoLemma:110488,vobis,vōbīs
uos,lilaIpoLemma:110488,vosmet,vosmĕt
uox,lilaLemma:130806,vox,vōx
uox,lilaLemma:130806,vocis,vōcis
ut,lilaLemma:130906,ut,ŭt
ut,lilaLemma:130906,ut,ŭt
ut,lilaLemma:130906,uti,ŭtī
ut2,lilaLemma:130905,ut,ŭt
