lemma,lila_id,orth_form,cell,cell_pt
accipio,lilaLemma:87119,accipio,prs.act.ind.1.sg,presente | indicativo | 1ª pessoa singular | voz ativa
accipio,lilaLemma:87119,accipere,prs.act.inf,presente | infinitivo | ativo
accipio,lilaLemma:87119,accipiet,fut.act.ind.3.sg,futuro | indicativo | 3ª pessoa singular | voz ativa
accipio,lilaLemma:87119,accepi,prf.act.ind.1.sg,pretérito perfeito | indicativo | 1ª pessoa singular | voz ativa
accipio,lilaLemma:87119,acceptum,prf.pass.ptcp.nom.n.sg,particípio passado | nominativo neutro singular
accipio,lilaLemma:87119,accepturum,fut.act.ptcp.nom.n.sg,particípio futuro | nominativo neutro singular
ago,lilaLemma:88140,ago,prs.act.ind.1.sg,presente | indicativo | 1ª pessoa singular | voz ativa
ago,lilaLemma:88140,agere,prs.act.inf,presente | infinitivo | ativo
ago,lilaLemma:88140,aget,fut.act.ind.3.sg,futuro | indicativo | 3ª pessoa singular | voz ativa
ago,lilaLemma:88140,egi,prf.act.ind.1.sg,pretérito perfeito | indicativo | 1ª pessoa singular | voz ativa
ago,lilaLemma:88140,actum,prf.pass.ptcp.nom.n.sg,particípio passado | nominativo neutro singular
ago,lilaLemma:88140,acturum,fut.act.ptcp.nom.n.sg,particípio futuro | nominativo neutro singular
audio,lilaLemma:90641,audio,prs.act.ind.1.sg,presente | indicativo | 1ª pessoa singular | voz ativa
audio,lilaLemma:90641,audire,prs.act.inf,presente | infinitivo | ativo
audio,lilaLemma:90641,audiet,fut.act.ind.3.sg,futuro | indicativo | 3ª pessoa singular | voz ativa
audio,lilaLemma:90641,"audiui, audii",prf.act.ind.1.sg,pretérito perfeito | indicativo | 1ª pessoa singular | voz ativa
audio,lilaLemma:90641,auditum,prf.pass.ptcp.nom.n.sg,particípio passado | nominativo neutro singular
audio,lilaLemma:90641,auditurum,fut.act.ptcp.nom.n.sg,particípio futuro | nominativo neutro singular
capio,lilaLemma:92686,"capio, kapio",prs.act.ind.1.sg,presente | indicativo | 1ª pessoa singular | voz ativa
capio,lilaLemma:92686,"capere, kapere",prs.act.inf,presente | infinitivo | ativo
capio,lilaLemma:92686,"capiet, kapiet",fut.act.ind.3.sg,futuro | indicativo | 3ª pessoa singular | voz ativa
capio,lilaLemma:92686,cepi,prf.act.ind.1.sg,pretérito perfeito | indicativo | 1ª pessoa singular | voz ativa
capio,lilaLemma:92686,captum,prf.pass.ptcp.nom.n.sg,particípio passado | nominativo neutro singular
capio,lilaLemma:92686,capturum,fut.act.ptcp.nom.n.sg,particípio futuro | nominativo neutro singular
cognosco,lilaLemma:94738,cognosco,prs.act.ind.1.sg,presente | indicativo | 1ª pessoa singular | voz ativa
cognosco,lilaLemma:94738,cognoscere,prs.act.inf,presente | infinitivo | ativo
cognosco,lilaLemma:94738,cognoscet,fut.act.ind.3.sg,futuro | indicativo | 3ª pessoa singular | voz ativa
cognosco,lilaLemma:94738,"cognoui, cognoi",prf.act.ind.1.sg,pretérito perfeito | indicativo | 1ª pessoa singular | voz ativa
cognosco,lilaLemma:94738,"cognitum, cognotum",prf.pass.ptcp.nom.n.sg,particípio passado | nominativo neutro singular
cognosco,lilaLemma:94738,cogniturum,fut.act.ptcp.nom.n.sg,particípio futuro | nominativo neutro singular
credo,lilaLemma:96881,"credo, creduo",prs.act.ind.1.sg,presente | indicativo | 1ª pessoa singular | voz ativa
credo,lilaLemma:96881,"credere, creduere",prs.act.inf,presente | infinitivo | ativo
credo,lilaLemma:96881,"credet, creduet",fut.act.ind.3.sg,futuro | indicativo | 3ª pessoa singular | voz ativa
credo,lilaLemma:96881,credidi,prf.act.ind.1.sg,pretérito perfeito | indicativo | 1ª pessoa singular | voz ativa
credo,lilaLemma:96881,creditum,prf.pass.ptcp.nom.n.sg,particípio passado | nominativo neutro singular
credo,lilaLemma:96881,crediturum,fut.act.ptcp.nom.n.sg,particípio futuro | nominativo neutro singular
debeo,lilaLemma:97963,debeo,prs.act.ind.1.sg,presente | indicativo | 1ª pessoa singular | voz ativa
debeo,lilaLemma:97963,debere,prs.act.inf,presente | infinitivo | ativo
debeo,lilaLemma:97963,debebit,fut.act.ind.3.sg,futuro | indicativo | 3ª pessoa singular | voz ativa
debeo,lilaLemma:97963,debui,prf.act.ind.1.sg,pretérito perfeito | indicativo | 1ª pessoa singular | voz ativa
debeo,lilaLemma:97963,debitum,prf.pass.ptcp.nom.n.sg,particípio passado | nominativo neutro singular
debeo,lilaLemma:97963,debiturum,fut.act.ptcp.nom.n.sg,particípio futuro | nominativo neutro singular
dico,lilaLemma:99302,"deico, dico",prs.act.ind.1.sg,presente | indicativo | 1ª pessoa singular | voz ativa
dico,lilaLemma:99302,"deicere, dicere",prs.act.inf,presente | infinitivo | ativo
dico,lilaLemma:99302,"deicet, dicet",fut.act.ind.3.sg,futuro | indicativo | 3ª pessoa singular | voz ativa
dico,lilaLemma:99302,"deixi, dixi, deixsi",prf.act.ind.1.sg,pretérito perfeito | indicativo | 1ª pessoa singular | voz ativa
dico,lilaLemma:99302,dictum,prf.pass.ptcp.nom.n.sg,particípio passado | nominativo neutro singular
dico,lilaLemma:99302,dicturum,fut.act.ptcp.nom.n.sg,particípio futuro | nominativo neutro singular
do,lilaLemma:99970,do,prs.act.ind.1.sg,presente | indicativo | 1ª pessoa singular | voz ativa
do,lilaLemma:99970,dare,prs.act.inf,presente | infinitivo | ativo
do,lilaLemma:99970,dabit,fut.act.ind.3.sg,futuro | indicativo | 3ª pessoa singular | voz ativa
do,lilaLemma:99970,dedi,prf.act.ind.1.sg,pretérito perfeito | indicativo | 1ª pessoa singular | voz ativa
do,lilaLemma:99970,datum,prf.pass.ptcp.nom.n.sg,particípio passado | nominativo neutro singular
do,lilaLemma:99970,daturum,fut.act.ptcp.nom.n.sg,particípio futuro | nominativo neutro singular
eo,lilaLemma:101183,eo,prs.act.ind.1.sg,presente | indicativo | 1ª pessoa singular | voz ativa
eo,lilaLemma:101183,ire,prs.act.inf,presente | infinitivo | ativo
eo,lilaLemma:101183,ibit,fut.act.ind.3.sg,futuro | indicativo | 3ª pessoa singular | voz ativa
eo,lilaLemma:101183,"iui, ii",prf.act.ind.1.sg,pretérito perfeito | indicativo | 1ª pessoa singular | voz ativa
eo,lilaLemma:101183,itum,prf.pass.ptcp.nom.n.sg,particípio passado | nominativo neutro singular
eo,lilaLemma:101183,iturum,fut.act.ptcp.nom.n.sg,particípio futuro | nominativo neutro singular
facio,lilaLemma:102758,facio,prs.act.ind.1.sg,presente | indicativo | 1ª pessoa singular | voz ativa
facio,lilaLemma:102758,facere,prs.act.inf,presente | infinitivo | ativo
facio,lilaLemma:102758,faciet,fut.act.ind.3.sg,futuro | indicativo | 3ª pessoa singular | voz ativa
facio,lilaLemma:102758,"feci, fecei",prf.act.ind.1.sg,pretérito perfeito | indicativo | 1ª pessoa singular | voz ativa
facio,lilaLemma:102758,factum,prf.pass.ptcp.nom.n.sg,particípio passado | nominativo neutro singular
facio,lilaLemma:102758,facturum,fut.act.ptcp.nom.n.sg,particípio futuro | nominativo neutro singular
fero,lilaLemma:103126,fero,prs.act.ind.1.sg,presente | indicativo | 1ª pessoa singular | voz ativa
fero,lilaLemma:103126,ferre,prs.act.inf,presente | infinitivo | ativo
fero,lilaLemma:103126,feret,fut.act.ind.3.sg,futuro | indicativo | 3ª pessoa singular | voz ativa
fero,lilaLemma:103126,"tuli, tetuli, toli",prf.act.ind.1.sg,pretérito perfeito | indicativo | 1ª pessoa singular | voz ativa
fero,lilaLemma:103126,latum,prf.pass.ptcp.nom.n.sg,particípio passado | nominativo neutro singular
fero,lilaLemma:103126,laturum,fut.act.ptcp.nom.n.sg,particípio futuro | nominativo neutro singular
fio,lilaLemma:103328,fio,prs.act.ind.1.sg,presente | indicativo | 1ª pessoa singular | voz ativa
fio,lilaLemma:103328,fieri,prs.act.inf,presente | infinitivo | ativo
fio,lilaLemma:103328,fiet,fut.act.ind.3.sg,futuro | indicativo | 3ª pessoa singular | voz ativa
fio,lilaLemma:103328,fitum,prf.pass.ptcp.nom.n.sg,particípio passado | nominativo neutro singular
gero,lilaLemma:104536,gero,prs.act.ind.1.sg,presente | indicativo | 1ª pessoa singular | voz ativa
gero,lilaLemma:104536,gerere,prs.act.inf,presente | infinitivo | ativo
gero,lilaLemma:104536,geret,fut.act.ind.3.sg,futuro | indicativo | 3ª pessoa singular | voz ativa
gero,lilaLemma:104536,gessi,prf.act.ind.1.sg,pretérito perfeito | indicativo | 1ª pessoa singular | voz ativa
gero,lilaLemma:104536,gestum,prf.pass.ptcp.nom.n.sg,particípio passado | nominativo neutro singular
gero,lilaLemma:104536,gesturum,fut.act.ptcp.nom.n.sg,particípio futuro | nominativo neutro singular
habeo,lilaLemma:105044,habeo,prs.act.ind.1.sg,presente | indicativo | 1ª pessoa singular | voz ativa
habeo,lilaLemma:105044,habere,prs.act.inf,presente | infinitivo | ativo
habeo,lilaLemma:105044,habebit,fut.act.ind.3.sg,futuro | indicativo | 3ª pessoa singular | voz ativa
habeo,lilaLemma:105044,habui,prf.act.ind.1.sg,pretérito perfeito | indicativo | 1ª pessoa singular | voz ativa
habeo,lilaLemma:105044,habitum,prf.pass.ptcp.nom.n.sg,particípio passado | nominativo neutro singular
habeo,lilaLemma:105044,habiturum,fut.act.ptcp.nom.n.sg,particípio futuro | nominativo neutro singular
inquam,lilaLemma:108033,"inquam, inquio",prs.act.ind.1.sg,presente | indicativo | 1ª pessoa singular | voz ativa
inquam,lilaLemma:108033,inquere,prs.act.inf,presente | infinitivo | ativo
inquam,lilaLemma:108033,inquiet,fut.act.ind.3.sg,futuro | indicativo | 3ª pessoa singular | voz ativa
inquam,lilaLemma:108033,inquii,prf.act.ind.1.sg,pretérito perfeito | indicativo | 1ª pessoa singular | voz ativa
iubeo,lilaLemma:109152,"ioubeo, iubeo, iuueo",prs.act.ind.1.sg,presente | indicativo | 1ª pessoa singular | voz ativa
iubeo,lilaLemma:109152,"ioubere, iubere, iuuere",prs.act.inf,presente | infinitivo | ativo
iubeo,lilaLemma:109152,"ioubebit, iubebit, iuuebit",fut.act.ind.3.sg,futuro | indicativo | 3ª pessoa singular | voz ativa
iubeo,lilaLemma:109152,"iousi, iussi, iusi",prf.act.ind.1.sg,pretérito perfeito | indicativo | 1ª pessoa singular | voz ativa
iubeo,lilaLemma:109152,"iussum, iusum",prf.pass.ptcp.nom.n.sg,particípio passado | nominativo neutro singular
iubeo,lilaLemma:109152,"iussurum, iusurum",fut.act.ptcp.nom.n.sg,particípio futuro | nominativo neutro singular
mitto,lilaLemma:112499,mitto,prs.act.ind.1.sg,presente | indicativo | 1ª pessoa singular | voz ativa
mitto,lilaLemma:112499,mittere,prs.act.inf,presente | infinitivo | ativo
mitto,lilaLemma:112499,mittet,fut.act.ind.3.sg,futuro | indicativo | 3ª pessoa singular | voz ativa
mitto,lilaLemma:112499,misi,prf.act.ind.1.sg,pretérito perfeito | indicativo | 1ª pessoa singular | voz ativa
mitto,lilaLemma:112499,missum,prf.pass.ptcp.nom.n.sg,particípio passado | nominativo neutro singular
mitto,lilaLemma:112499,missurum,fut.act.ptcp.nom.n.sg,particípio futuro | nominativo neutro singular
peto,lilaLemma:117549,peto,prs.act.ind.1.sg,presente | indicativo | 1ª pessoa singular | voz ativa
peto,lilaLemma:117549,petere,prs.act.inf,presente | infinitivo | ativo
peto,lilaLemma:117549,petet,fut.act.ind.3.sg,futuro | indicativo | 3ª pessoa singular | voz ativa
peto,lilaLemma:117549,"petiui, peti, petii",prf.act.ind.1.sg,pretérito perfeito | indicativo | 1ª pessoa singular | voz ativa
peto,lilaLemma:117549,petitum,prf.pass.ptcp.nom.n.sg,particípio passado | nominativo neutro singular
peto,lilaLemma:117549,petiturum,fut.act.ptcp.nom.n.sg,particípio futuro | nominativo neutro singular
pono,lilaLemma:118414,pono,prs.act.ind.1.sg,presente | indicativo | 1ª pessoa singular | voz ativa
pono,lilaLemma:118414,ponere,prs.act.inf,presente | infinitivo | ativo
pono,lilaLemma:118414,ponet,fut.act.ind.3.sg,futuro | indicativo | 3ª pessoa singular | voz ativa
pono,lilaLemma:118414,"posui, posiui",prf.act.ind.1.sg,pretérito perfeito | indicativo | 1ª pessoa singular | voz ativa
pono,lilaLemma:118414,"positum, postum",prf.pass.ptcp.nom.n.sg,particípio passado | nominativo neutro singular
pono,lilaLemma:118414,"positurum, posturum",fut.act.ptcp.nom.n.sg,particípio futuro | nominativo neutro singular
possum,lilaLemma:118569,"posso, possum",prs.act.ind.1.sg,presente | indicativo | 1ª pessoa singular | voz ativa
possum,lilaLemma:118569,posse,prs.act.inf,presente | infinitivo | ativo
possum,lilaLemma:118569,poterit,fut.act.ind.3.sg,futuro | indicativo | 3ª pessoa singular | voz ativa
possum,lilaLemma:118569,potui,prf.act.ind.1.sg,pretérito perfeito | indicativo | 1ª pessoa singular | voz ativa
puto,lilaLemma:120610,puto,prs.act.ind.1.sg,presente | indicativo | 1ª pessoa singular | voz ativa
puto,lilaLemma:120610,putare,prs.act.inf,presente | infinitivo | ativo
puto,lilaLemma:120610,putabit,fut.act.ind.3.sg,futuro | indicativo | 3ª pessoa singular | voz ativa
puto,lilaLemma:120610,putaui,prf.act.ind.1.sg,pretérito perfeito | indicativo | 1ª pessoa singular | voz ativa
puto,lilaLemma:120610,putatum,prf.pass.ptcp.nom.n.sg,particípio passado | nominativo neutro singular
puto,lilaLemma:120610,putaturum,fut.act.ptcp.nom.n.sg,particípio futuro | nominativo neutro singular
quaero,lilaLemma:121047,"quaero, quairo, quero",prs.act.ind.1.sg,presente | indicativo | 1ª pessoa singular | voz ativa
quaero,lilaLemma:121047,"quaerere, quairere, querere",prs.act.inf,presente | infinitivo | ativo
quaero,lilaLemma:121047,"quaeret, quairet, queret",fut.act.ind.3.sg,futuro | indicativo | 3ª pessoa singular | voz ativa
quaero,lilaLemma:121047,"quaesiui, quaesii",prf.act.ind.1.sg,pretérito perfeito | indicativo | 1ª pessoa singular | voz ativa
quaero,lilaLemma:121047,quaesitum,prf.pass.ptcp.nom.n.sg,particípio passado | nominativo neutro singular
quaero,lilaLemma:121047,quaesiturum,fut.act.ptcp.nom.n.sg,particípio futuro | nominativo neutro singular
refero,lilaLemma:122494,refero,prs.act.ind.1.sg,presente | indicativo | 1ª pessoa singular | voz ativa
refero,lilaLemma:122494,referre,prs.act.inf,presente | infinitivo | ativo
refero,lilaLemma:122494,referet,fut.act.ind.3.sg,futuro | indicativo | 3ª pessoa singular | voz ativa
refero,lilaLemma:122494,"retuli, retetuli, rettuli",prf.act.ind.1.sg,pretérito perfeito | indicativo | 1ª pessoa singular | voz ativa
refero,lilaLemma:122494,"relatum, rellatum",prf.pass.ptcp.nom.n.sg,particípio passado | nominativo neutro singular
refero,lilaLemma:122494,"relaturum, rellaturum",fut.act.ptcp.nom.n.sg,particípio futuro | nominativo neutro singular
relinquo,lilaLemma:122569,"relinquo, rellinquo",prs.act.ind.1.sg,presente | indicativo | 1ª pessoa singular | voz ativa
relinquo,lilaLemma:122569,"relinquere, rellinquere",prs.act.inf,presente | infinitivo | ativo
relinquo,lilaLemma:122569,"relinquet, rellinquet",fut.act.ind.3.sg,futuro | indicativo | 3ª pessoa singular | voz ativa
relinquo,lilaLemma:122569,"reliqui, relliqui",prf.act.ind.1.sg,pretérito perfeito | indicativo | 1ª pessoa singular | voz ativa
relinquo,lilaLemma:122569,"relictum, rellictum",prf.pass.ptcp.nom.n.sg,particípio passado | nominativo neutro singular
relinquo,lilaLemma:122569,"relicturum, rellicturum",fut.act.ptcp.nom.n.sg,particípio futuro | nominativo neutro singular
scio,lilaLemma:123732,scio,prs.act.ind.1.sg,presente | indicativo | 1ª pessoa singular | voz ativa
scio,lilaLemma:123732,scire,prs.act.inf,presente | infinitivo | ativo
scio,lilaLemma:123732,"sciet, scibit",fut.act.ind.3.sg,futuro | indicativo | 3ª pessoa singular | voz ativa
scio,lilaLemma:123732,"sciui, scii",prf.act.ind.1.sg,pretérito perfeito | indicativo | 1ª pessoa singular | voz ativa
scio,lilaLemma:123732,scitum,prf.pass.ptcp.nom.n.sg,particípio passado | nominativo neutro singular
scio,lilaLemma:123732,sciturum,fut.act.ptcp.nom.n.sg,particípio futuro | nominativo neutro singular
scribo,lilaLemma:123840,scribo,prs.act.ind.1.sg,presente | indicativo | 1ª pessoa singular | voz ativa
scribo,lilaLemma:123840,scribere,prs.act.inf,presente | infinitivo | ativo
scribo,lilaLemma:123840,scribet,fut.act.ind.3.sg,futuro | indicativo | 3ª pessoa singular | voz ativa
scribo,lilaLemma:123840,"scribsi, scripsi",prf.act.ind.1.sg,pretérito perfeito | indicativo | 1ª pessoa singular | voz ativa
scribo,lilaLemma:123840,"scribtum, scriptum",prf.pass.ptcp.nom.n.sg,particípio passado | nominativo neutro singular
scribo,lilaLemma:123840,"scribturum, scripturum",fut.act.ptcp.nom.n.sg,particípio futuro | nominativo neutro singular
sequor,lilaLemma:124461,"secor, sequor",prs.pass.ind.1.sg,presente | indicativo | 1ª pessoa singular | voz passiva
sequor,lilaLemma:124461,"seci, sequi",prs.pass.inf,presente | infinitivo | passivo
sequor,lilaLemma:124461,"secetur, sequetur",fut.pass.ind.3.sg,futuro | indicativo | 3ª pessoa singular | voz passiva
sequor,lilaLemma:124461,secutum,prf.pass.ptcp.nom.n.sg,particípio passado | nominativo neutro singular
sequor,lilaLemma:124461,secuturum,fut.act.ptcp.nom.n.sg,particípio futuro | nominativo neutro singular
sum,lilaLemma:126689,"esum, sum",prs.act.ind.1.sg,presente | indicativo | 1ª pessoa singular | voz ativa
sum,lilaLemma:126689,"esse, escere",prs.act.inf,presente | infinitivo | ativo
sum,lilaLemma:126689,"erit, escet",fut.act.ind.3.sg,futuro | indicativo | 3ª pessoa singular | voz ativa
sum,lilaLemma:126689,fui,prf.act.ind.1.sg,pretérito perfeito | indicativo | 1ª pessoa singular | voz ativa
sum,lilaLemma:126689,futurum,fut.act.ptcp.nom.n.sg,particípio futuro | nominativo neutro singular
teneo,lilaLemma:127822,teneo,prs.act.ind.1.sg,presente | indicativo | 1ª pessoa singular | voz ativa
teneo,lilaLemma:127822,tenere,prs.act.inf,presente | infinitivo | ativo
teneo,lilaLemma:127822,tenebit,fut.act.ind.3.sg,futuro | indicativo | 3ª pessoa singular | voz ativa
teneo,lilaLemma:127822,"tenui, teniui, tetini",prf.act.ind.1.sg,pretérito perfeito | indicativo | 1ª pessoa singular | voz ativa
teneo,lilaLemma:127822,tentum,prf.pass.ptcp.nom.n.sg,particípio passado | nominativo neutro singular
teneo,lilaLemma:127822,tenturum,fut.act.ptcp.nom.n.sg,particípio futuro | nominativo neutro singular
uenio,lilaLemma:129790,uenio,prs.act.ind.1.sg,presente | indicativo | 1ª pessoa singular | voz ativa
uenio,lilaLemma:129790,uenire,prs.act.inf,presente | infinitivo | ativo
uenio,lilaLemma:129790,ueniet,fut.act.ind.3.sg,futuro | indicativo | 3ª pessoa singular | voz ativa
uenio,lilaLemma:129790,ueni,prf.act.ind.1.sg,pretérito perfeito | indicativo | 1ª pessoa singular | voz ativa
uenio,lilaLemma:129790,uentum,prf.pass.ptcp.nom.n.sg,particípio passado | nominativo neutro singular
uenio,lilaLemma:129790,uenturum,fut.act.ptcp.nom.n.sg,particípio futuro | nominativo neutro singular
uideo,lilaLemma:130163,uideo,prs.act.ind.1.sg,presente | indicativo | 1ª pessoa singular | voz ativa
uideo,lilaLemma:130163,uidere,prs.act.inf,presente | infinitivo | ativo
uideo,lilaLemma:130163,uidebit,fut.act.ind.3.sg,futuro | indicativo | 3ª pessoa singular | voz ativa
uideo,lilaLemma:130163,uidi,prf.act.ind.1.sg,pretérito perfeito | indicativo | 1ª pessoa singular | voz ativa
uideo,lilaLemma:130163,uisum,prf.pass.ptcp.nom.n.sg,particípio passado | nominativo neutro singular
uideo,lilaLemma:130163,uisurum,fut.act.ptcp.nom.n.sg,particípio futuro | nominativo neutro singular
uinco,lilaLemma:130232,uinco,prs.act.ind.1.sg,presente | indicativo | 1ª pessoa singular | voz ativa
uinco,lilaLemma:130232,uincere,prs.act.inf,presente | infinitivo | ativo
uinco,lilaLemma:130232,uincet,fut.act.ind.3.sg,futuro | indicativo | 3ª pessoa singular | voz ativa
uinco,lilaLemma:130232,uici,prf.act.ind.1.sg,pretérito perfeito | indicativo | 1ª pessoa singular | voz ativa
uinco,lilaLemma:130232,uictum,prf.pass.ptcp.nom.n.sg,particípio passado | nominativo neutro singular
uinco,lilaLemma:130232,"uicturum, uinciturum",fut.act.ptcp.nom.n.sg,particípio futuro | nominativo neutro singular
uiuo,lilaLemma:130476,"bibo, ueiuo, uibo, uiuo",prs.act.ind.1.sg,presente | indicativo | 1ª pessoa singular | voz ativa
uiuo,lilaLemma:130476,"bibere, ueiuere, uibere, uiuere",prs.act.inf,presente | infinitivo | ativo
uiuo,lilaLemma:130476,"bibet, ueiuet, uibet, uiuet",fut.act.ind.3.sg,futuro | indicativo | 3ª pessoa singular | voz ativa
uiuo,lilaLemma:130476,"uixi, bixi, uixssi, uixsi",prf.act.ind.1.sg,pretérito perfeito | indicativo | 1ª pessoa singular | voz ativa
uiuo,lilaLemma:130476,uictum,prf.pass.ptcp.nom.n.sg,particípio passado | nominativo neutro singular
uiuo,lilaLemma:130476,uicturum,fut.act.ptcp.nom.n.sg,particípio futuro | nominativo neutro singular
uoco,lilaLemma:130729,uoco,prs.act.ind.1.sg,presente | indicativo | 1ª pessoa singular | voz ativa
uoco,lilaLemma:130729,uocare,prs.act.inf,presente | infinitivo | ativo
uoco,lilaLemma:130729,uocabit,fut.act.ind.3.sg,futuro | indicativo | 3ª pessoa singular | voz ativa
uoco,lilaLemma:130729,uocaui,prf.act.ind.1.sg,pretérito perfeito | indicativo | 1ª pessoa singular | voz ativa
uoco,lilaLemma:130729,"uocatum, uocitum",prf.pass.ptcp.nom.n.sg,particípio passado | nominativo neutro singular
uoco,lilaLemma:130729,uocaturum,fut.act.ptcp.nom.n.sg,particípio futuro | nominativo neutro singular
uolo,lilaLemma:130745,"bolo, uolo",prs.act.ind.1.sg,presente | indicativo | 1ª pessoa singular | voz ativa
uolo,lilaLemma:130745,uelle,prs.act.inf,presente | infinitivo | ativo
uolo,lilaLemma:130745,"bolet, uolet",fut.act.ind.3.sg,futuro | indicativo | 3ª pessoa singular | voz ativa
uolo,lilaLemma:130745,"bolui, uolui",prf.act.ind.1.sg,pretérito perfeito | indicativo | 1ª pessoa singular | voz ativa
